/batch
/config,noeldb,1     ! force off writing results to database
*get,_wallstrt,active,,time,wall
! ANSYS input file written by Workbench version 2025 R2
! File used for geometry attach: C:\Users\Manya\AppData\Local\Temp\WB_Manya_39968_2\wbnew_files\dp0\SYS\DM\SYS.dsco
/title,wbnew--Static Structural (A5)
! ****** Begin Custom Load Command Snippet ******
/COM, ACT Extensions:
/COM,     LSDYNA, 2025.2
/COM,     5f463412-bd3e-484b-87e7-cbc0a665e474, wbex
/COM,/COM,     ANSYSMotion, 2025.2
/COM,     20180725-3f81-49eb-9f31-41364844c769, wbex
/COM,
! ****** End   Custom Load Command Snippet ******
*DIM,_wb_ProjectScratch_dir,string,248
_wb_ProjectScratch_dir(1) = 'C:\Users\Manya\AppData\Local\Temp\WB_Manya_39968_2\_ProjectScratch\ScrC6DD\'
*DIM,_wb_SolverFiles_dir,string,248
_wb_SolverFiles_dir(1) = 'C:\Users\Manya\AppData\Local\Temp\WB_Manya_39968_2\wbnew_files\dp0\SYS\MECH\'
*DIM,_wb_userfiles_dir,string,248
_wb_userfiles_dir(1) = 'C:\Users\Manya\AppData\Local\Temp\WB_Manya_39968_2\wbnew_files\user_files\'
/com,--- Data in consistent MKS units. See Solving Units in the help system for more information.
/units,MKS
/nopr
/wb,file,start              !  signify a WB generated input file
/prep7
! Turn off shape checking because checks already performed inside WB mesher.
! See help system for more information.
SHPP,OFF,,NOWARN
/nolist
etcon,set             ! allow ANSYS to choose best KEYOP's for 180x elements, resets any applicable keyopt to MAPDL defaults
/com,*********** Send User Defined Coordinate System(s) ***********
csys,0
/com,*********** Nodes for the whole assembly ***********
nblock,3,,1399
(1i9,3e20.9e3)
        1     1.844444444E-01     3.744444444E-01    -1.000000000E-02
        2     1.844444444E-01     3.188888889E-01    -1.000000000E-02
        3     1.844444444E-01     2.633333333E-01    -1.000000000E-02
        4     1.844444444E-01     2.077777778E-01    -1.000000000E-02
        5     1.844444444E-01     1.522222222E-01    -1.000000000E-02
        6     1.844444444E-01     9.666666667E-02    -1.000000000E-02
        7     1.844444444E-01     4.111111111E-02    -1.000000000E-02
        8     1.844444444E-01    -1.444444444E-02    -1.000000000E-02
        9     1.844444444E-01    -7.000000000E-02    -1.000000000E-02
       10     1.844444444E-01    -1.255555556E-01    -1.000000000E-02
       11     1.844444444E-01    -1.811111111E-01    -1.000000000E-02
       12     1.844444444E-01    -2.366666667E-01    -1.000000000E-02
       13     1.844444444E-01    -2.922222222E-01    -1.000000000E-02
       14     1.844444444E-01    -3.477777778E-01    -1.000000000E-02
       15     1.844444444E-01    -4.033333333E-01    -1.000000000E-02
       16     1.844444444E-01    -4.588888889E-01    -1.000000000E-02
       17     1.844444444E-01    -5.144444444E-01    -1.000000000E-02
       18     1.288888889E-01     3.744444444E-01    -1.000000000E-02
       19     1.288888889E-01     3.188888889E-01    -1.000000000E-02
       20     1.288888889E-01     2.633333333E-01    -1.000000000E-02
       21     1.288888889E-01     2.077777778E-01    -1.000000000E-02
       22     1.288888889E-01     1.522222222E-01    -1.000000000E-02
       23     1.288888889E-01     9.666666667E-02    -1.000000000E-02
       24     1.288888889E-01     4.111111111E-02    -1.000000000E-02
       25     1.288888889E-01    -1.444444444E-02    -1.000000000E-02
       26     1.288888889E-01    -7.000000000E-02    -1.000000000E-02
       27     1.288888889E-01    -1.255555556E-01    -1.000000000E-02
       28     1.288888889E-01    -1.811111111E-01    -1.000000000E-02
       29     1.288888889E-01    -2.366666667E-01    -1.000000000E-02
       30     1.288888889E-01    -2.922222222E-01    -1.000000000E-02
       31     1.288888889E-01    -3.477777778E-01    -1.000000000E-02
       32     1.288888889E-01    -4.033333333E-01    -1.000000000E-02
       33     1.288888889E-01    -4.588888889E-01    -1.000000000E-02
       34     1.288888889E-01    -5.144444444E-01    -1.000000000E-02
       35     7.333333333E-02     3.744444444E-01    -1.000000000E-02
       36     7.333333333E-02     3.188888889E-01    -1.000000000E-02
       37     7.333333333E-02     2.633333333E-01    -1.000000000E-02
       38     7.333333333E-02     2.077777778E-01    -1.000000000E-02
       39     7.333333333E-02     1.522222222E-01    -1.000000000E-02
       40     7.333333333E-02     9.666666667E-02    -1.000000000E-02
       41     7.333333333E-02     4.111111111E-02    -1.000000000E-02
       42     7.333333333E-02    -1.444444444E-02    -1.000000000E-02
       43     7.333333333E-02    -7.000000000E-02    -1.000000000E-02
       44     7.333333333E-02    -1.255555556E-01    -1.000000000E-02
       45     7.333333333E-02    -1.811111111E-01    -1.000000000E-02
       46     7.333333333E-02    -2.366666667E-01    -1.000000000E-02
       47     7.333333333E-02    -2.922222222E-01    -1.000000000E-02
       48     7.333333333E-02    -3.477777778E-01    -1.000000000E-02
       49     7.333333333E-02    -4.033333333E-01    -1.000000000E-02
       50     7.333333333E-02    -4.588888889E-01    -1.000000000E-02
       51     7.333333333E-02    -5.144444444E-01    -1.000000000E-02
       52     1.777777778E-02     3.744444444E-01    -1.000000000E-02
       53     1.777777778E-02     3.188888889E-01    -1.000000000E-02
       54     1.777777778E-02     2.633333333E-01    -1.000000000E-02
       55     1.777777778E-02     2.077777778E-01    -1.000000000E-02
       56     1.777777778E-02     1.522222222E-01    -1.000000000E-02
       57     1.777777778E-02     9.666666667E-02    -1.000000000E-02
       58     1.777777778E-02     4.111111111E-02    -1.000000000E-02
       59     1.777777778E-02    -1.444444444E-02    -1.000000000E-02
       60     1.777777778E-02    -7.000000000E-02    -1.000000000E-02
       61     1.777777778E-02    -1.255555556E-01    -1.000000000E-02
       62     1.777777778E-02    -1.811111111E-01    -1.000000000E-02
       63     1.777777778E-02    -2.366666667E-01    -1.000000000E-02
       64     1.777777778E-02    -2.922222222E-01    -1.000000000E-02
       65     1.777777778E-02    -3.477777778E-01    -1.000000000E-02
       66     1.777777778E-02    -4.033333333E-01    -1.000000000E-02
       67     1.777777778E-02    -4.588888889E-01    -1.000000000E-02
       68     1.777777778E-02    -5.144444444E-01    -1.000000000E-02
       69    -3.777777778E-02     3.744444444E-01    -1.000000000E-02
       70    -3.777777778E-02     3.188888889E-01    -1.000000000E-02
       71    -3.777777778E-02     2.633333333E-01    -1.000000000E-02
       72    -3.777777778E-02     2.077777778E-01    -1.000000000E-02
       73    -3.777777778E-02     1.522222222E-01    -1.000000000E-02
       74    -3.777777778E-02     9.666666667E-02    -1.000000000E-02
       75    -3.777777778E-02     4.111111111E-02    -1.000000000E-02
       76    -3.777777778E-02    -1.444444444E-02    -1.000000000E-02
       77    -3.777777778E-02    -7.000000000E-02    -1.000000000E-02
       78    -3.777777778E-02    -1.255555556E-01    -1.000000000E-02
       79    -3.777777778E-02    -1.811111111E-01    -1.000000000E-02
       80    -3.777777778E-02    -2.366666667E-01    -1.000000000E-02
       81    -3.777777778E-02    -2.922222222E-01    -1.000000000E-02
       82    -3.777777778E-02    -3.477777778E-01    -1.000000000E-02
       83    -3.777777778E-02    -4.033333333E-01    -1.000000000E-02
       84    -3.777777778E-02    -4.588888889E-01    -1.000000000E-02
       85    -3.777777778E-02    -5.144444444E-01    -1.000000000E-02
       86    -9.333333333E-02     3.744444444E-01    -1.000000000E-02
       87    -9.333333333E-02     3.188888889E-01    -1.000000000E-02
       88    -9.333333333E-02     2.633333333E-01    -1.000000000E-02
       89    -9.333333333E-02     2.077777778E-01    -1.000000000E-02
       90    -9.333333333E-02     1.522222222E-01    -1.000000000E-02
       91    -9.333333333E-02     9.666666667E-02    -1.000000000E-02
       92    -9.333333333E-02     4.111111111E-02    -1.000000000E-02
       93    -9.333333333E-02    -1.444444444E-02    -1.000000000E-02
       94    -9.333333333E-02    -7.000000000E-02    -1.000000000E-02
       95    -9.333333333E-02    -1.255555556E-01    -1.000000000E-02
       96    -9.333333333E-02    -1.811111111E-01    -1.000000000E-02
       97    -9.333333333E-02    -2.366666667E-01    -1.000000000E-02
       98    -9.333333333E-02    -2.922222222E-01    -1.000000000E-02
       99    -9.333333333E-02    -3.477777778E-01    -1.000000000E-02
      100    -9.333333333E-02    -4.033333333E-01    -1.000000000E-02
      101    -9.333333333E-02    -4.588888889E-01    -1.000000000E-02
      102    -9.333333333E-02    -5.144444444E-01    -1.000000000E-02
      103    -1.488888889E-01     3.744444444E-01    -1.000000000E-02
      104    -1.488888889E-01     3.188888889E-01    -1.000000000E-02
      105    -1.488888889E-01     2.633333333E-01    -1.000000000E-02
      106    -1.488888889E-01     2.077777778E-01    -1.000000000E-02
      107    -1.488888889E-01     1.522222222E-01    -1.000000000E-02
      108    -1.488888889E-01     9.666666667E-02    -1.000000000E-02
      109    -1.488888889E-01     4.111111111E-02    -1.000000000E-02
      110    -1.488888889E-01    -1.444444444E-02    -1.000000000E-02
      111    -1.488888889E-01    -7.000000000E-02    -1.000000000E-02
      112    -1.488888889E-01    -1.255555556E-01    -1.000000000E-02
      113    -1.488888889E-01    -1.811111111E-01    -1.000000000E-02
      114    -1.488888889E-01    -2.366666667E-01    -1.000000000E-02
      115    -1.488888889E-01    -2.922222222E-01    -1.000000000E-02
      116    -1.488888889E-01    -3.477777778E-01    -1.000000000E-02
      117    -1.488888889E-01    -4.033333333E-01    -1.000000000E-02
      118    -1.488888889E-01    -4.588888889E-01    -1.000000000E-02
      119    -1.488888889E-01    -5.144444444E-01    -1.000000000E-02
      120    -2.044444444E-01     3.744444444E-01    -1.000000000E-02
      121    -2.044444444E-01     3.188888889E-01    -1.000000000E-02
      122    -2.044444444E-01     2.633333333E-01    -1.000000000E-02
      123    -2.044444444E-01     2.077777778E-01    -1.000000000E-02
      124    -2.044444444E-01     1.522222222E-01    -1.000000000E-02
      125    -2.044444444E-01     9.666666667E-02    -1.000000000E-02
      126    -2.044444444E-01     4.111111111E-02    -1.000000000E-02
      127    -2.044444444E-01    -1.444444444E-02    -1.000000000E-02
      128    -2.044444444E-01    -7.000000000E-02    -1.000000000E-02
      129    -2.044444444E-01    -1.255555556E-01    -1.000000000E-02
      130    -2.044444444E-01    -1.811111111E-01    -1.000000000E-02
      131    -2.044444444E-01    -2.366666667E-01    -1.000000000E-02
      132    -2.044444444E-01    -2.922222222E-01    -1.000000000E-02
      133    -2.044444444E-01    -3.477777778E-01    -1.000000000E-02
      134    -2.044444444E-01    -4.033333333E-01    -1.000000000E-02
      135    -2.044444444E-01    -4.588888889E-01    -1.000000000E-02
      136    -2.044444444E-01    -5.144444444E-01    -1.000000000E-02
      137    -2.044444444E-01    -5.144444444E-01     0.000000000E+00
      138    -2.044444444E-01    -4.588888889E-01     0.000000000E+00
      139    -2.044444444E-01    -4.033333333E-01     0.000000000E+00
      140    -2.044444444E-01    -3.477777778E-01     0.000000000E+00
      141    -2.044444444E-01    -2.922222222E-01     0.000000000E+00
      142    -2.044444444E-01    -2.366666667E-01     0.000000000E+00
      143    -2.044444444E-01    -1.811111111E-01     0.000000000E+00
      144    -2.044444444E-01    -1.255555556E-01     0.000000000E+00
      145    -2.044444444E-01    -7.000000000E-02     0.000000000E+00
      146    -2.044444444E-01    -1.444444444E-02     0.000000000E+00
      147    -2.044444444E-01     4.111111111E-02     0.000000000E+00
      148    -2.044444444E-01     9.666666667E-02     0.000000000E+00
      149    -2.044444444E-01     1.522222222E-01     0.000000000E+00
      150    -2.044444444E-01     2.077777778E-01     0.000000000E+00
      151    -2.044444444E-01     2.633333333E-01     0.000000000E+00
      152    -2.044444444E-01     3.188888889E-01     0.000000000E+00
      153    -2.044444444E-01     3.744444444E-01     0.000000000E+00
      154    -1.488888889E-01    -5.144444444E-01     0.000000000E+00
      155    -1.488888889E-01    -4.588888889E-01     0.000000000E+00
      156    -1.488888889E-01    -4.033333333E-01     0.000000000E+00
      157    -1.488888889E-01    -3.477777778E-01     0.000000000E+00
      158    -1.488888889E-01    -2.922222222E-01     0.000000000E+00
      159    -1.488888889E-01    -2.366666667E-01     0.000000000E+00
      160    -1.488888889E-01    -1.811111111E-01     0.000000000E+00
      161    -1.488888889E-01    -1.255555556E-01     0.000000000E+00
      162    -1.488888889E-01    -7.000000000E-02     0.000000000E+00
      163    -1.488888889E-01    -1.444444444E-02     0.000000000E+00
      164    -1.488888889E-01     4.111111111E-02     0.000000000E+00
      165    -1.488888889E-01     9.666666667E-02     0.000000000E+00
      166    -1.488888889E-01     1.522222222E-01     0.000000000E+00
      167    -1.488888889E-01     2.077777778E-01     0.000000000E+00
      168    -1.488888889E-01     2.633333333E-01     0.000000000E+00
      169    -1.488888889E-01     3.188888889E-01     0.000000000E+00
      170    -1.488888889E-01     3.744444444E-01     0.000000000E+00
      171    -9.333333333E-02    -5.144444444E-01     0.000000000E+00
      172    -9.333333333E-02    -4.588888889E-01     0.000000000E+00
      173    -9.333333333E-02    -4.033333333E-01     0.000000000E+00
      174    -9.333333333E-02    -3.477777778E-01     0.000000000E+00
      175    -9.333333333E-02    -2.922222222E-01     0.000000000E+00
      176    -9.333333333E-02    -2.366666667E-01     0.000000000E+00
      177    -9.333333333E-02    -1.811111111E-01     0.000000000E+00
      178    -9.333333333E-02    -1.255555556E-01     0.000000000E+00
      179    -9.333333333E-02    -7.000000000E-02     0.000000000E+00
      180    -9.333333333E-02    -1.444444444E-02     0.000000000E+00
      181    -9.333333333E-02     4.111111111E-02     0.000000000E+00
      182    -9.333333333E-02     9.666666667E-02     0.000000000E+00
      183    -9.333333333E-02     1.522222222E-01     0.000000000E+00
      184    -9.333333333E-02     2.077777778E-01     0.000000000E+00
      185    -9.333333333E-02     2.633333333E-01     0.000000000E+00
      186    -9.333333333E-02     3.188888889E-01     0.000000000E+00
      187    -9.333333333E-02     3.744444444E-01     0.000000000E+00
      188    -3.777777778E-02    -5.144444444E-01     0.000000000E+00
      189    -3.777777778E-02    -4.588888889E-01     0.000000000E+00
      190    -3.777777778E-02    -4.033333333E-01     0.000000000E+00
      191    -3.777777778E-02    -3.477777778E-01     0.000000000E+00
      192    -3.777777778E-02    -2.922222222E-01     0.000000000E+00
      193    -3.777777778E-02    -2.366666667E-01     0.000000000E+00
      194    -3.777777778E-02    -1.811111111E-01     0.000000000E+00
      195    -3.777777778E-02    -1.255555556E-01     0.000000000E+00
      196    -3.777777778E-02    -7.000000000E-02     0.000000000E+00
      197    -3.777777778E-02    -1.444444444E-02     0.000000000E+00
      198    -3.777777778E-02     4.111111111E-02     0.000000000E+00
      199    -3.777777778E-02     9.666666667E-02     0.000000000E+00
      200    -3.777777778E-02     1.522222222E-01     0.000000000E+00
      201    -3.777777778E-02     2.077777778E-01     0.000000000E+00
      202    -3.777777778E-02     2.633333333E-01     0.000000000E+00
      203    -3.777777778E-02     3.188888889E-01     0.000000000E+00
      204    -3.777777778E-02     3.744444444E-01     0.000000000E+00
      205     1.777777778E-02    -5.144444444E-01     0.000000000E+00
      206     1.777777778E-02    -4.588888889E-01     0.000000000E+00
      207     1.777777778E-02    -4.033333333E-01     0.000000000E+00
      208     1.777777778E-02    -3.477777778E-01     0.000000000E+00
      209     1.777777778E-02    -2.922222222E-01     0.000000000E+00
      210     1.777777778E-02    -2.366666667E-01     0.000000000E+00
      211     1.777777778E-02    -1.811111111E-01     0.000000000E+00
      212     1.777777778E-02    -1.255555556E-01     0.000000000E+00
      213     1.777777778E-02    -7.000000000E-02     0.000000000E+00
      214     1.777777778E-02    -1.444444444E-02     0.000000000E+00
      215     1.777777778E-02     4.111111111E-02     0.000000000E+00
      216     1.777777778E-02     9.666666667E-02     0.000000000E+00
      217     1.777777778E-02     1.522222222E-01     0.000000000E+00
      218     1.777777778E-02     2.077777778E-01     0.000000000E+00
      219     1.777777778E-02     2.633333333E-01     0.000000000E+00
      220     1.777777778E-02     3.188888889E-01     0.000000000E+00
      221     1.777777778E-02     3.744444444E-01     0.000000000E+00
      222     7.333333333E-02    -5.144444444E-01     0.000000000E+00
      223     7.333333333E-02    -4.588888889E-01     0.000000000E+00
      224     7.333333333E-02    -4.033333333E-01     0.000000000E+00
      225     7.333333333E-02    -3.477777778E-01     0.000000000E+00
      226     7.333333333E-02    -2.922222222E-01     0.000000000E+00
      227     7.333333333E-02    -2.366666667E-01     0.000000000E+00
      228     7.333333333E-02    -1.811111111E-01     0.000000000E+00
      229     7.333333333E-02    -1.255555556E-01     0.000000000E+00
      230     7.333333333E-02    -7.000000000E-02     0.000000000E+00
      231     7.333333333E-02    -1.444444444E-02     0.000000000E+00
      232     7.333333333E-02     4.111111111E-02     0.000000000E+00
      233     7.333333333E-02     9.666666667E-02     0.000000000E+00
      234     7.333333333E-02     1.522222222E-01     0.000000000E+00
      235     7.333333333E-02     2.077777778E-01     0.000000000E+00
      236     7.333333333E-02     2.633333333E-01     0.000000000E+00
      237     7.333333333E-02     3.188888889E-01     0.000000000E+00
      238     7.333333333E-02     3.744444444E-01     0.000000000E+00
      239     1.288888889E-01    -5.144444444E-01     0.000000000E+00
      240     1.288888889E-01    -4.588888889E-01     0.000000000E+00
      241     1.288888889E-01    -4.033333333E-01     0.000000000E+00
      242     1.288888889E-01    -3.477777778E-01     0.000000000E+00
      243     1.288888889E-01    -2.922222222E-01     0.000000000E+00
      244     1.288888889E-01    -2.366666667E-01     0.000000000E+00
      245     1.288888889E-01    -1.811111111E-01     0.000000000E+00
      246     1.288888889E-01    -1.255555556E-01     0.000000000E+00
      247     1.288888889E-01    -7.000000000E-02     0.000000000E+00
      248     1.288888889E-01    -1.444444444E-02     0.000000000E+00
      249     1.288888889E-01     4.111111111E-02     0.000000000E+00
      250     1.288888889E-01     9.666666667E-02     0.000000000E+00
      251     1.288888889E-01     1.522222222E-01     0.000000000E+00
      252     1.288888889E-01     2.077777778E-01     0.000000000E+00
      253     1.288888889E-01     2.633333333E-01     0.000000000E+00
      254     1.288888889E-01     3.188888889E-01     0.000000000E+00
      255     1.288888889E-01     3.744444444E-01     0.000000000E+00
      256     1.844444444E-01    -5.144444444E-01     0.000000000E+00
      257     1.844444444E-01    -4.588888889E-01     0.000000000E+00
      258     1.844444444E-01    -4.033333333E-01     0.000000000E+00
      259     1.844444444E-01    -3.477777778E-01     0.000000000E+00
      260     1.844444444E-01    -2.922222222E-01     0.000000000E+00
      261     1.844444444E-01    -2.366666667E-01     0.000000000E+00
      262     1.844444444E-01    -1.811111111E-01     0.000000000E+00
      263     1.844444444E-01    -1.255555556E-01     0.000000000E+00
      264     1.844444444E-01    -7.000000000E-02     0.000000000E+00
      265     1.844444444E-01    -1.444444444E-02     0.000000000E+00
      266     1.844444444E-01     4.111111111E-02     0.000000000E+00
      267     1.844444444E-01     9.666666667E-02     0.000000000E+00
      268     1.844444444E-01     1.522222222E-01     0.000000000E+00
      269     1.844444444E-01     2.077777778E-01     0.000000000E+00
      270     1.844444444E-01     2.633333333E-01     0.000000000E+00
      271     1.844444444E-01     3.188888889E-01     0.000000000E+00
      272     1.844444444E-01     3.744444444E-01     0.000000000E+00
      273     2.400000000E-01     3.744444444E-01     0.000000000E+00
      274     2.400000000E-01     3.188888889E-01     0.000000000E+00
      275     2.400000000E-01     2.633333333E-01     0.000000000E+00
      276     2.400000000E-01     2.077777778E-01     0.000000000E+00
      277     2.400000000E-01     1.522222222E-01     0.000000000E+00
      278     2.400000000E-01     9.666666667E-02     0.000000000E+00
      279     2.400000000E-01     4.111111111E-02     0.000000000E+00
      280     2.400000000E-01    -1.444444444E-02     0.000000000E+00
      281     2.400000000E-01    -7.000000000E-02     0.000000000E+00
      282     2.400000000E-01    -1.255555556E-01     0.000000000E+00
      283     2.400000000E-01    -1.811111111E-01     0.000000000E+00
      284     2.400000000E-01    -2.366666667E-01     0.000000000E+00
      285     2.400000000E-01    -2.922222222E-01     0.000000000E+00
      286     2.400000000E-01    -3.477777778E-01     0.000000000E+00
      287     2.400000000E-01    -4.033333333E-01     0.000000000E+00
      288     2.400000000E-01    -4.588888889E-01     0.000000000E+00
      289     2.400000000E-01    -5.144444444E-01     0.000000000E+00
      290     2.400000000E-01    -5.700000000E-01     0.000000000E+00
      291     1.844444444E-01    -5.700000000E-01     0.000000000E+00
      292     1.288888889E-01    -5.700000000E-01     0.000000000E+00
      293     7.333333333E-02    -5.700000000E-01     0.000000000E+00
      294     1.777777778E-02    -5.700000000E-01     0.000000000E+00
      295    -3.777777778E-02    -5.700000000E-01     0.000000000E+00
      296    -9.333333333E-02    -5.700000000E-01     0.000000000E+00
      297    -1.488888889E-01    -5.700000000E-01     0.000000000E+00
      298    -2.044444444E-01    -5.700000000E-01     0.000000000E+00
      299    -2.600000000E-01    -5.700000000E-01     0.000000000E+00
      300    -2.600000000E-01    -5.144444444E-01     0.000000000E+00
      301    -2.600000000E-01    -4.588888889E-01     0.000000000E+00
      302    -2.600000000E-01    -4.033333333E-01     0.000000000E+00
      303    -2.600000000E-01    -3.477777778E-01     0.000000000E+00
      304    -2.600000000E-01    -2.922222222E-01     0.000000000E+00
      305    -2.600000000E-01    -2.366666667E-01     0.000000000E+00
      306    -2.600000000E-01    -1.811111111E-01     0.000000000E+00
      307    -2.600000000E-01    -1.255555556E-01     0.000000000E+00
      308    -2.600000000E-01    -7.000000000E-02     0.000000000E+00
      309    -2.600000000E-01    -1.444444444E-02     0.000000000E+00
      310    -2.600000000E-01     4.111111111E-02     0.000000000E+00
      311    -2.600000000E-01     9.666666667E-02     0.000000000E+00
      312    -2.600000000E-01     1.522222222E-01     0.000000000E+00
      313    -2.600000000E-01     2.077777778E-01     0.000000000E+00
      314    -2.600000000E-01     2.633333333E-01     0.000000000E+00
      315    -2.600000000E-01     3.188888889E-01     0.000000000E+00
      316    -2.600000000E-01     3.744444444E-01     0.000000000E+00
      317    -2.600000000E-01     4.300000000E-01     0.000000000E+00
      318    -2.044444444E-01     4.300000000E-01     0.000000000E+00
      319    -1.488888889E-01     4.300000000E-01     0.000000000E+00
      320    -9.333333333E-02     4.300000000E-01     0.000000000E+00
      321    -3.777777778E-02     4.300000000E-01     0.000000000E+00
      322     1.777777778E-02     4.300000000E-01     0.000000000E+00
      323     7.333333333E-02     4.300000000E-01     0.000000000E+00
      324     1.288888889E-01     4.300000000E-01     0.000000000E+00
      325     1.844444444E-01     4.300000000E-01     0.000000000E+00
      326     2.400000000E-01     4.300000000E-01     0.000000000E+00
      327     1.844444444E-01     4.300000000E-01    -1.000000000E-02
      328     1.288888889E-01     4.300000000E-01    -1.000000000E-02
      329     7.333333333E-02     4.300000000E-01    -1.000000000E-02
      330     1.777777778E-02     4.300000000E-01    -1.000000000E-02
      331    -3.777777778E-02     4.300000000E-01    -1.000000000E-02
      332    -9.333333333E-02     4.300000000E-01    -1.000000000E-02
      333    -1.488888889E-01     4.300000000E-01    -1.000000000E-02
      334    -2.044444444E-01     4.300000000E-01    -1.000000000E-02
      335     2.400000000E-01     4.300000000E-01    -1.000000000E-02
      336    -2.600000000E-01     4.300000000E-01    -1.000000000E-02
      337    -2.600000000E-01     3.744444444E-01    -1.000000000E-02
      338    -2.600000000E-01     3.188888889E-01    -1.000000000E-02
      339    -2.600000000E-01     2.633333333E-01    -1.000000000E-02
      340    -2.600000000E-01     2.077777778E-01    -1.000000000E-02
      341    -2.600000000E-01     1.522222222E-01    -1.000000000E-02
      342    -2.600000000E-01     9.666666667E-02    -1.000000000E-02
      343    -2.600000000E-01     4.111111111E-02    -1.000000000E-02
      344    -2.600000000E-01    -1.444444444E-02    -1.000000000E-02
      345    -2.600000000E-01    -7.000000000E-02    -1.000000000E-02
      346    -2.600000000E-01    -1.255555556E-01    -1.000000000E-02
      347    -2.600000000E-01    -1.811111111E-01    -1.000000000E-02
      348    -2.600000000E-01    -2.366666667E-01    -1.000000000E-02
      349    -2.600000000E-01    -2.922222222E-01    -1.000000000E-02
      350    -2.600000000E-01    -3.477777778E-01    -1.000000000E-02
      351    -2.600000000E-01    -4.033333333E-01    -1.000000000E-02
      352    -2.600000000E-01    -4.588888889E-01    -1.000000000E-02
      353    -2.600000000E-01    -5.144444444E-01    -1.000000000E-02
      354    -2.600000000E-01    -5.700000000E-01    -1.000000000E-02
      355    -2.044444444E-01    -5.700000000E-01    -1.000000000E-02
      356    -1.488888889E-01    -5.700000000E-01    -1.000000000E-02
      357    -9.333333333E-02    -5.700000000E-01    -1.000000000E-02
      358    -3.777777778E-02    -5.700000000E-01    -1.000000000E-02
      359     1.777777778E-02    -5.700000000E-01    -1.000000000E-02
      360     7.333333333E-02    -5.700000000E-01    -1.000000000E-02
      361     1.288888889E-01    -5.700000000E-01    -1.000000000E-02
      362     1.844444444E-01    -5.700000000E-01    -1.000000000E-02
      363     2.400000000E-01    -5.700000000E-01    -1.000000000E-02
      364     2.400000000E-01    -5.144444444E-01    -1.000000000E-02
      365     2.400000000E-01    -4.588888889E-01    -1.000000000E-02
      366     2.400000000E-01    -4.033333333E-01    -1.000000000E-02
      367     2.400000000E-01    -3.477777778E-01    -1.000000000E-02
      368     2.400000000E-01    -2.922222222E-01    -1.000000000E-02
      369     2.400000000E-01    -2.366666667E-01    -1.000000000E-02
      370     2.400000000E-01    -1.811111111E-01    -1.000000000E-02
      371     2.400000000E-01    -1.255555556E-01    -1.000000000E-02
      372     2.400000000E-01    -7.000000000E-02    -1.000000000E-02
      373     2.400000000E-01    -1.444444444E-02    -1.000000000E-02
      374     2.400000000E-01     4.111111111E-02    -1.000000000E-02
      375     2.400000000E-01     9.666666667E-02    -1.000000000E-02
      376     2.400000000E-01     1.522222222E-01    -1.000000000E-02
      377     2.400000000E-01     2.077777778E-01    -1.000000000E-02
      378     2.400000000E-01     2.633333333E-01    -1.000000000E-02
      379     2.400000000E-01     3.188888889E-01    -1.000000000E-02
      380     2.400000000E-01     3.744444444E-01    -1.000000000E-02
      381     1.844444444E-01     3.466666667E-01    -1.000000000E-02
      382     1.566666667E-01     3.744444444E-01    -1.000000000E-02
      383     1.844444444E-01     3.744444444E-01    -5.000000000E-03
      384     1.844444444E-01     4.022222222E-01    -1.000000000E-02
      385     2.122222222E-01     3.744444444E-01    -1.000000000E-02
      386     1.844444444E-01     2.911111111E-01    -1.000000000E-02
      387     1.566666667E-01     3.188888889E-01    -1.000000000E-02
      388     1.844444444E-01     3.188888889E-01    -5.000000000E-03
      389     2.122222222E-01     3.188888889E-01    -1.000000000E-02
      390     1.844444444E-01     2.355555556E-01    -1.000000000E-02
      391     1.566666667E-01     2.633333333E-01    -1.000000000E-02
      392     1.844444444E-01     2.633333333E-01    -5.000000000E-03
      393     2.122222222E-01     2.633333333E-01    -1.000000000E-02
      394     1.844444444E-01     1.800000000E-01    -1.000000000E-02
      395     1.566666667E-01     2.077777778E-01    -1.000000000E-02
      396     1.844444444E-01     2.077777778E-01    -5.000000000E-03
      397     2.122222222E-01     2.077777778E-01    -1.000000000E-02
      398     1.844444444E-01     1.244444444E-01    -1.000000000E-02
      399     1.566666667E-01     1.522222222E-01    -1.000000000E-02
      400     1.844444444E-01     1.522222222E-01    -5.000000000E-03
      401     2.122222222E-01     1.522222222E-01    -1.000000000E-02
      402     1.844444444E-01     6.888888889E-02    -1.000000000E-02
      403     1.566666667E-01     9.666666667E-02    -1.000000000E-02
      404     1.844444444E-01     9.666666667E-02    -5.000000000E-03
      405     2.122222222E-01     9.666666667E-02    -1.000000000E-02
      406     1.844444444E-01     1.333333333E-02    -1.000000000E-02
      407     1.566666667E-01     4.111111111E-02    -1.000000000E-02
      408     1.844444444E-01     4.111111111E-02    -5.000000000E-03
      409     2.122222222E-01     4.111111111E-02    -1.000000000E-02
      410     1.844444444E-01    -4.222222222E-02    -1.000000000E-02
      411     1.566666667E-01    -1.444444444E-02    -1.000000000E-02
      412     1.844444444E-01    -1.444444444E-02    -5.000000000E-03
      413     2.122222222E-01    -1.444444444E-02    -1.000000000E-02
      414     1.844444444E-01    -9.777777778E-02    -1.000000000E-02
      415     1.566666667E-01    -7.000000000E-02    -1.000000000E-02
      416     1.844444444E-01    -7.000000000E-02    -5.000000000E-03
      417     2.122222222E-01    -7.000000000E-02    -1.000000000E-02
      418     1.844444444E-01    -1.533333333E-01    -1.000000000E-02
      419     1.566666667E-01    -1.255555556E-01    -1.000000000E-02
      420     1.844444444E-01    -1.255555556E-01    -5.000000000E-03
      421     2.122222222E-01    -1.255555556E-01    -1.000000000E-02
      422     1.844444444E-01    -2.088888889E-01    -1.000000000E-02
      423     1.566666667E-01    -1.811111111E-01    -1.000000000E-02
      424     1.844444444E-01    -1.811111111E-01    -5.000000000E-03
      425     2.122222222E-01    -1.811111111E-01    -1.000000000E-02
      426     1.844444444E-01    -2.644444444E-01    -1.000000000E-02
      427     1.566666667E-01    -2.366666667E-01    -1.000000000E-02
      428     1.844444444E-01    -2.366666667E-01    -5.000000000E-03
      429     2.122222222E-01    -2.366666667E-01    -1.000000000E-02
      430     1.844444444E-01    -3.200000000E-01    -1.000000000E-02
      431     1.566666667E-01    -2.922222222E-01    -1.000000000E-02
      432     1.844444444E-01    -2.922222222E-01    -5.000000000E-03
      433     2.122222222E-01    -2.922222222E-01    -1.000000000E-02
      434     1.844444444E-01    -3.755555556E-01    -1.000000000E-02
      435     1.566666667E-01    -3.477777778E-01    -1.000000000E-02
      436     1.844444444E-01    -3.477777778E-01    -5.000000000E-03
      437     2.122222222E-01    -3.477777778E-01    -1.000000000E-02
      438     1.844444444E-01    -4.311111111E-01    -1.000000000E-02
      439     1.566666667E-01    -4.033333333E-01    -1.000000000E-02
      440     1.844444444E-01    -4.033333333E-01    -5.000000000E-03
      441     2.122222222E-01    -4.033333333E-01    -1.000000000E-02
      442     1.844444444E-01    -4.866666667E-01    -1.000000000E-02
      443     1.566666667E-01    -4.588888889E-01    -1.000000000E-02
      444     1.844444444E-01    -4.588888889E-01    -5.000000000E-03
      445     2.122222222E-01    -4.588888889E-01    -1.000000000E-02
      446     1.566666667E-01    -5.144444444E-01    -1.000000000E-02
      447     1.844444444E-01    -5.144444444E-01    -5.000000000E-03
      448     1.844444444E-01    -5.422222222E-01    -1.000000000E-02
      449     2.122222222E-01    -5.144444444E-01    -1.000000000E-02
      450     1.288888889E-01     3.466666667E-01    -1.000000000E-02
      451     1.011111111E-01     3.744444444E-01    -1.000000000E-02
      452     1.288888889E-01     3.744444444E-01    -5.000000000E-03
      453     1.288888889E-01     4.022222222E-01    -1.000000000E-02
      454     1.288888889E-01     2.911111111E-01    -1.000000000E-02
      455     1.011111111E-01     3.188888889E-01    -1.000000000E-02
      456     1.288888889E-01     3.188888889E-01    -5.000000000E-03
      457     1.288888889E-01     2.355555556E-01    -1.000000000E-02
      458     1.011111111E-01     2.633333333E-01    -1.000000000E-02
      459     1.288888889E-01     2.633333333E-01    -5.000000000E-03
      460     1.288888889E-01     1.800000000E-01    -1.000000000E-02
      461     1.011111111E-01     2.077777778E-01    -1.000000000E-02
      462     1.288888889E-01     2.077777778E-01    -5.000000000E-03
      463     1.288888889E-01     1.244444444E-01    -1.000000000E-02
      464     1.011111111E-01     1.522222222E-01    -1.000000000E-02
      465     1.288888889E-01     1.522222222E-01    -5.000000000E-03
      466     1.288888889E-01     6.888888889E-02    -1.000000000E-02
      467     1.011111111E-01     9.666666667E-02    -1.000000000E-02
      468     1.288888889E-01     9.666666667E-02    -5.000000000E-03
      469     1.288888889E-01     1.333333333E-02    -1.000000000E-02
      470     1.011111111E-01     4.111111111E-02    -1.000000000E-02
      471     1.288888889E-01     4.111111111E-02    -5.000000000E-03
      472     1.288888889E-01    -4.222222222E-02    -1.000000000E-02
      473     1.011111111E-01    -1.444444444E-02    -1.000000000E-02
      474     1.288888889E-01    -1.444444444E-02    -5.000000000E-03
      475     1.288888889E-01    -9.777777778E-02    -1.000000000E-02
      476     1.011111111E-01    -7.000000000E-02    -1.000000000E-02
      477     1.288888889E-01    -7.000000000E-02    -5.000000000E-03
      478     1.288888889E-01    -1.533333333E-01    -1.000000000E-02
      479     1.011111111E-01    -1.255555556E-01    -1.000000000E-02
      480     1.288888889E-01    -1.255555556E-01    -5.000000000E-03
      481     1.288888889E-01    -2.088888889E-01    -1.000000000E-02
      482     1.011111111E-01    -1.811111111E-01    -1.000000000E-02
      483     1.288888889E-01    -1.811111111E-01    -5.000000000E-03
      484     1.288888889E-01    -2.644444444E-01    -1.000000000E-02
      485     1.011111111E-01    -2.366666667E-01    -1.000000000E-02
      486     1.288888889E-01    -2.366666667E-01    -5.000000000E-03
      487     1.288888889E-01    -3.200000000E-01    -1.000000000E-02
      488     1.011111111E-01    -2.922222222E-01    -1.000000000E-02
      489     1.288888889E-01    -2.922222222E-01    -5.000000000E-03
      490     1.288888889E-01    -3.755555556E-01    -1.000000000E-02
      491     1.011111111E-01    -3.477777778E-01    -1.000000000E-02
      492     1.288888889E-01    -3.477777778E-01    -5.000000000E-03
      493     1.288888889E-01    -4.311111111E-01    -1.000000000E-02
      494     1.011111111E-01    -4.033333333E-01    -1.000000000E-02
      495     1.288888889E-01    -4.033333333E-01    -5.000000000E-03
      496     1.288888889E-01    -4.866666667E-01    -1.000000000E-02
      497     1.011111111E-01    -4.588888889E-01    -1.000000000E-02
      498     1.288888889E-01    -4.588888889E-01    -5.000000000E-03
      499     1.011111111E-01    -5.144444444E-01    -1.000000000E-02
      500     1.288888889E-01    -5.144444444E-01    -5.000000000E-03
      501     1.288888889E-01    -5.422222222E-01    -1.000000000E-02
      502     7.333333333E-02     3.466666667E-01    -1.000000000E-02
      503     4.555555556E-02     3.744444444E-01    -1.000000000E-02
      504     7.333333333E-02     3.744444444E-01    -5.000000000E-03
      505     7.333333333E-02     4.022222222E-01    -1.000000000E-02
      506     7.333333333E-02     2.911111111E-01    -1.000000000E-02
      507     4.555555556E-02     3.188888889E-01    -1.000000000E-02
      508     7.333333333E-02     3.188888889E-01    -5.000000000E-03
      509     7.333333333E-02     2.355555556E-01    -1.000000000E-02
      510     4.555555556E-02     2.633333333E-01    -1.000000000E-02
      511     7.333333333E-02     2.633333333E-01    -5.000000000E-03
      512     7.333333333E-02     1.800000000E-01    -1.000000000E-02
      513     4.555555556E-02     2.077777778E-01    -1.000000000E-02
      514     7.333333333E-02     2.077777778E-01    -5.000000000E-03
      515     7.333333333E-02     1.244444444E-01    -1.000000000E-02
      516     4.555555556E-02     1.522222222E-01    -1.000000000E-02
      517     7.333333333E-02     1.522222222E-01    -5.000000000E-03
      518     7.333333333E-02     6.888888889E-02    -1.000000000E-02
      519     4.555555556E-02     9.666666667E-02    -1.000000000E-02
      520     7.333333333E-02     9.666666667E-02    -5.000000000E-03
      521     7.333333333E-02     1.333333333E-02    -1.000000000E-02
      522     4.555555556E-02     4.111111111E-02    -1.000000000E-02
      523     7.333333333E-02     4.111111111E-02    -5.000000000E-03
      524     7.333333333E-02    -4.222222222E-02    -1.000000000E-02
      525     4.555555556E-02    -1.444444444E-02    -1.000000000E-02
      526     7.333333333E-02    -1.444444444E-02    -5.000000000E-03
      527     7.333333333E-02    -9.777777778E-02    -1.000000000E-02
      528     4.555555556E-02    -7.000000000E-02    -1.000000000E-02
      529     7.333333333E-02    -7.000000000E-02    -5.000000000E-03
      530     7.333333333E-02    -1.533333333E-01    -1.000000000E-02
      531     4.555555556E-02    -1.255555556E-01    -1.000000000E-02
      532     7.333333333E-02    -1.255555556E-01    -5.000000000E-03
      533     7.333333333E-02    -2.088888889E-01    -1.000000000E-02
      534     4.555555556E-02    -1.811111111E-01    -1.000000000E-02
      535     7.333333333E-02    -1.811111111E-01    -5.000000000E-03
      536     7.333333333E-02    -2.644444444E-01    -1.000000000E-02
      537     4.555555556E-02    -2.366666667E-01    -1.000000000E-02
      538     7.333333333E-02    -2.366666667E-01    -5.000000000E-03
      539     7.333333333E-02    -3.200000000E-01    -1.000000000E-02
      540     4.555555556E-02    -2.922222222E-01    -1.000000000E-02
      541     7.333333333E-02    -2.922222222E-01    -5.000000000E-03
      542     7.333333333E-02    -3.755555556E-01    -1.000000000E-02
      543     4.555555556E-02    -3.477777778E-01    -1.000000000E-02
      544     7.333333333E-02    -3.477777778E-01    -5.000000000E-03
      545     7.333333333E-02    -4.311111111E-01    -1.000000000E-02
      546     4.555555556E-02    -4.033333333E-01    -1.000000000E-02
      547     7.333333333E-02    -4.033333333E-01    -5.000000000E-03
      548     7.333333333E-02    -4.866666667E-01    -1.000000000E-02
      549     4.555555556E-02    -4.588888889E-01    -1.000000000E-02
      550     7.333333333E-02    -4.588888889E-01    -5.000000000E-03
      551     4.555555556E-02    -5.144444444E-01    -1.000000000E-02
      552     7.333333333E-02    -5.144444444E-01    -5.000000000E-03
      553     7.333333333E-02    -5.422222222E-01    -1.000000000E-02
      554     1.777777778E-02     3.466666667E-01    -1.000000000E-02
      555    -1.000000000E-02     3.744444444E-01    -1.000000000E-02
      556     1.777777778E-02     3.744444444E-01    -5.000000000E-03
      557     1.777777778E-02     4.022222222E-01    -1.000000000E-02
      558     1.777777778E-02     2.911111111E-01    -1.000000000E-02
      559    -1.000000000E-02     3.188888889E-01    -1.000000000E-02
      560     1.777777778E-02     3.188888889E-01    -5.000000000E-03
      561     1.777777778E-02     2.355555556E-01    -1.000000000E-02
      562    -1.000000000E-02     2.633333333E-01    -1.000000000E-02
      563     1.777777778E-02     2.633333333E-01    -5.000000000E-03
      564     1.777777778E-02     1.800000000E-01    -1.000000000E-02
      565    -1.000000000E-02     2.077777778E-01    -1.000000000E-02
      566     1.777777778E-02     2.077777778E-01    -5.000000000E-03
      567     1.777777778E-02     1.244444444E-01    -1.000000000E-02
      568    -1.000000000E-02     1.522222222E-01    -1.000000000E-02
      569     1.777777778E-02     1.522222222E-01    -5.000000000E-03
      570     1.777777778E-02     6.888888889E-02    -1.000000000E-02
      571    -1.000000000E-02     9.666666667E-02    -1.000000000E-02
      572     1.777777778E-02     9.666666667E-02    -5.000000000E-03
      573     1.777777778E-02     1.333333333E-02    -1.000000000E-02
      574    -1.000000000E-02     4.111111111E-02    -1.000000000E-02
      575     1.777777778E-02     4.111111111E-02    -5.000000000E-03
      576     1.777777778E-02    -4.222222222E-02    -1.000000000E-02
      577    -1.000000000E-02    -1.444444444E-02    -1.000000000E-02
      578     1.777777778E-02    -1.444444444E-02    -5.000000000E-03
      579     1.777777778E-02    -9.777777778E-02    -1.000000000E-02
      580    -1.000000000E-02    -7.000000000E-02    -1.000000000E-02
      581     1.777777778E-02    -7.000000000E-02    -5.000000000E-03
      582     1.777777778E-02    -1.533333333E-01    -1.000000000E-02
      583    -1.000000000E-02    -1.255555556E-01    -1.000000000E-02
      584     1.777777778E-02    -1.255555556E-01    -5.000000000E-03
      585     1.777777778E-02    -2.088888889E-01    -1.000000000E-02
      586    -1.000000000E-02    -1.811111111E-01    -1.000000000E-02
      587     1.777777778E-02    -1.811111111E-01    -5.000000000E-03
      588     1.777777778E-02    -2.644444444E-01    -1.000000000E-02
      589    -1.000000000E-02    -2.366666667E-01    -1.000000000E-02
      590     1.777777778E-02    -2.366666667E-01    -5.000000000E-03
      591     1.777777778E-02    -3.200000000E-01    -1.000000000E-02
      592    -1.000000000E-02    -2.922222222E-01    -1.000000000E-02
      593     1.777777778E-02    -2.922222222E-01    -5.000000000E-03
      594     1.777777778E-02    -3.755555556E-01    -1.000000000E-02
      595    -1.000000000E-02    -3.477777778E-01    -1.000000000E-02
      596     1.777777778E-02    -3.477777778E-01    -5.000000000E-03
      597     1.777777778E-02    -4.311111111E-01    -1.000000000E-02
      598    -1.000000000E-02    -4.033333333E-01    -1.000000000E-02
      599     1.777777778E-02    -4.033333333E-01    -5.000000000E-03
      600     1.777777778E-02    -4.866666667E-01    -1.000000000E-02
      601    -1.000000000E-02    -4.588888889E-01    -1.000000000E-02
      602     1.777777778E-02    -4.588888889E-01    -5.000000000E-03
      603    -1.000000000E-02    -5.144444444E-01    -1.000000000E-02
      604     1.777777778E-02    -5.144444444E-01    -5.000000000E-03
      605     1.777777778E-02    -5.422222222E-01    -1.000000000E-02
      606    -3.777777778E-02     3.466666667E-01    -1.000000000E-02
      607    -6.555555556E-02     3.744444444E-01    -1.000000000E-02
      608    -3.777777778E-02     3.744444444E-01    -5.000000000E-03
      609    -3.777777778E-02     4.022222222E-01    -1.000000000E-02
      610    -3.777777778E-02     2.911111111E-01    -1.000000000E-02
      611    -6.555555556E-02     3.188888889E-01    -1.000000000E-02
      612    -3.777777778E-02     3.188888889E-01    -5.000000000E-03
      613    -3.777777778E-02     2.355555556E-01    -1.000000000E-02
      614    -6.555555556E-02     2.633333333E-01    -1.000000000E-02
      615    -3.777777778E-02     2.633333333E-01    -5.000000000E-03
      616    -3.777777778E-02     1.800000000E-01    -1.000000000E-02
      617    -6.555555556E-02     2.077777778E-01    -1.000000000E-02
      618    -3.777777778E-02     2.077777778E-01    -5.000000000E-03
      619    -3.777777778E-02     1.244444444E-01    -1.000000000E-02
      620    -6.555555556E-02     1.522222222E-01    -1.000000000E-02
      621    -3.777777778E-02     1.522222222E-01    -5.000000000E-03
      622    -3.777777778E-02     6.888888889E-02    -1.000000000E-02
      623    -6.555555556E-02     9.666666667E-02    -1.000000000E-02
      624    -3.777777778E-02     9.666666667E-02    -5.000000000E-03
      625    -3.777777778E-02     1.333333333E-02    -1.000000000E-02
      626    -6.555555556E-02     4.111111111E-02    -1.000000000E-02
      627    -3.777777778E-02     4.111111111E-02    -5.000000000E-03
      628    -3.777777778E-02    -4.222222222E-02    -1.000000000E-02
      629    -6.555555556E-02    -1.444444444E-02    -1.000000000E-02
      630    -3.777777778E-02    -1.444444444E-02    -5.000000000E-03
      631    -3.777777778E-02    -9.777777778E-02    -1.000000000E-02
      632    -6.555555556E-02    -7.000000000E-02    -1.000000000E-02
      633    -3.777777778E-02    -7.000000000E-02    -5.000000000E-03
      634    -3.777777778E-02    -1.533333333E-01    -1.000000000E-02
      635    -6.555555556E-02    -1.255555556E-01    -1.000000000E-02
      636    -3.777777778E-02    -1.255555556E-01    -5.000000000E-03
      637    -3.777777778E-02    -2.088888889E-01    -1.000000000E-02
      638    -6.555555556E-02    -1.811111111E-01    -1.000000000E-02
      639    -3.777777778E-02    -1.811111111E-01    -5.000000000E-03
      640    -3.777777778E-02    -2.644444444E-01    -1.000000000E-02
      641    -6.555555556E-02    -2.366666667E-01    -1.000000000E-02
      642    -3.777777778E-02    -2.366666667E-01    -5.000000000E-03
      643    -3.777777778E-02    -3.200000000E-01    -1.000000000E-02
      644    -6.555555556E-02    -2.922222222E-01    -1.000000000E-02
      645    -3.777777778E-02    -2.922222222E-01    -5.000000000E-03
      646    -3.777777778E-02    -3.755555556E-01    -1.000000000E-02
      647    -6.555555556E-02    -3.477777778E-01    -1.000000000E-02
      648    -3.777777778E-02    -3.477777778E-01    -5.000000000E-03
      649    -3.777777778E-02    -4.311111111E-01    -1.000000000E-02
      650    -6.555555556E-02    -4.033333333E-01    -1.000000000E-02
      651    -3.777777778E-02    -4.033333333E-01    -5.000000000E-03
      652    -3.777777778E-02    -4.866666667E-01    -1.000000000E-02
      653    -6.555555556E-02    -4.588888889E-01    -1.000000000E-02
      654    -3.777777778E-02    -4.588888889E-01    -5.000000000E-03
      655    -6.555555556E-02    -5.144444444E-01    -1.000000000E-02
      656    -3.777777778E-02    -5.144444444E-01    -5.000000000E-03
      657    -3.777777778E-02    -5.422222222E-01    -1.000000000E-02
      658    -9.333333333E-02     3.466666667E-01    -1.000000000E-02
      659    -1.211111111E-01     3.744444444E-01    -1.000000000E-02
      660    -9.333333333E-02     3.744444444E-01    -5.000000000E-03
      661    -9.333333333E-02     4.022222222E-01    -1.000000000E-02
      662    -9.333333333E-02     2.911111111E-01    -1.000000000E-02
      663    -1.211111111E-01     3.188888889E-01    -1.000000000E-02
      664    -9.333333333E-02     3.188888889E-01    -5.000000000E-03
      665    -9.333333333E-02     2.355555556E-01    -1.000000000E-02
      666    -1.211111111E-01     2.633333333E-01    -1.000000000E-02
      667    -9.333333333E-02     2.633333333E-01    -5.000000000E-03
      668    -9.333333333E-02     1.800000000E-01    -1.000000000E-02
      669    -1.211111111E-01     2.077777778E-01    -1.000000000E-02
      670    -9.333333333E-02     2.077777778E-01    -5.000000000E-03
      671    -9.333333333E-02     1.244444444E-01    -1.000000000E-02
      672    -1.211111111E-01     1.522222222E-01    -1.000000000E-02
      673    -9.333333333E-02     1.522222222E-01    -5.000000000E-03
      674    -9.333333333E-02     6.888888889E-02    -1.000000000E-02
      675    -1.211111111E-01     9.666666667E-02    -1.000000000E-02
      676    -9.333333333E-02     9.666666667E-02    -5.000000000E-03
      677    -9.333333333E-02     1.333333333E-02    -1.000000000E-02
      678    -1.211111111E-01     4.111111111E-02    -1.000000000E-02
      679    -9.333333333E-02     4.111111111E-02    -5.000000000E-03
      680    -9.333333333E-02    -4.222222222E-02    -1.000000000E-02
      681    -1.211111111E-01    -1.444444444E-02    -1.000000000E-02
      682    -9.333333333E-02    -1.444444444E-02    -5.000000000E-03
      683    -9.333333333E-02    -9.777777778E-02    -1.000000000E-02
      684    -1.211111111E-01    -7.000000000E-02    -1.000000000E-02
      685    -9.333333333E-02    -7.000000000E-02    -5.000000000E-03
      686    -9.333333333E-02    -1.533333333E-01    -1.000000000E-02
      687    -1.211111111E-01    -1.255555556E-01    -1.000000000E-02
      688    -9.333333333E-02    -1.255555556E-01    -5.000000000E-03
      689    -9.333333333E-02    -2.088888889E-01    -1.000000000E-02
      690    -1.211111111E-01    -1.811111111E-01    -1.000000000E-02
      691    -9.333333333E-02    -1.811111111E-01    -5.000000000E-03
      692    -9.333333333E-02    -2.644444444E-01    -1.000000000E-02
      693    -1.211111111E-01    -2.366666667E-01    -1.000000000E-02
      694    -9.333333333E-02    -2.366666667E-01    -5.000000000E-03
      695    -9.333333333E-02    -3.200000000E-01    -1.000000000E-02
      696    -1.211111111E-01    -2.922222222E-01    -1.000000000E-02
      697    -9.333333333E-02    -2.922222222E-01    -5.000000000E-03
      698    -9.333333333E-02    -3.755555556E-01    -1.000000000E-02
      699    -1.211111111E-01    -3.477777778E-01    -1.000000000E-02
      700    -9.333333333E-02    -3.477777778E-01    -5.000000000E-03
      701    -9.333333333E-02    -4.311111111E-01    -1.000000000E-02
      702    -1.211111111E-01    -4.033333333E-01    -1.000000000E-02
      703    -9.333333333E-02    -4.033333333E-01    -5.000000000E-03
      704    -9.333333333E-02    -4.866666667E-01    -1.000000000E-02
      705    -1.211111111E-01    -4.588888889E-01    -1.000000000E-02
      706    -9.333333333E-02    -4.588888889E-01    -5.000000000E-03
      707    -1.211111111E-01    -5.144444444E-01    -1.000000000E-02
      708    -9.333333333E-02    -5.144444444E-01    -5.000000000E-03
      709    -9.333333333E-02    -5.422222222E-01    -1.000000000E-02
      710    -1.488888889E-01     3.466666667E-01    -1.000000000E-02
      711    -1.766666667E-01     3.744444444E-01    -1.000000000E-02
      712    -1.488888889E-01     3.744444444E-01    -5.000000000E-03
      713    -1.488888889E-01     4.022222222E-01    -1.000000000E-02
      714    -1.488888889E-01     2.911111111E-01    -1.000000000E-02
      715    -1.766666667E-01     3.188888889E-01    -1.000000000E-02
      716    -1.488888889E-01     3.188888889E-01    -5.000000000E-03
      717    -1.488888889E-01     2.355555556E-01    -1.000000000E-02
      718    -1.766666667E-01     2.633333333E-01    -1.000000000E-02
      719    -1.488888889E-01     2.633333333E-01    -5.000000000E-03
      720    -1.488888889E-01     1.800000000E-01    -1.000000000E-02
      721    -1.766666667E-01     2.077777778E-01    -1.000000000E-02
      722    -1.488888889E-01     2.077777778E-01    -5.000000000E-03
      723    -1.488888889E-01     1.244444444E-01    -1.000000000E-02
      724    -1.766666667E-01     1.522222222E-01    -1.000000000E-02
      725    -1.488888889E-01     1.522222222E-01    -5.000000000E-03
      726    -1.488888889E-01     6.888888889E-02    -1.000000000E-02
      727    -1.766666667E-01     9.666666667E-02    -1.000000000E-02
      728    -1.488888889E-01     9.666666667E-02    -5.000000000E-03
      729    -1.488888889E-01     1.333333333E-02    -1.000000000E-02
      730    -1.766666667E-01     4.111111111E-02    -1.000000000E-02
      731    -1.488888889E-01     4.111111111E-02    -5.000000000E-03
      732    -1.488888889E-01    -4.222222222E-02    -1.000000000E-02
      733    -1.766666667E-01    -1.444444444E-02    -1.000000000E-02
      734    -1.488888889E-01    -1.444444444E-02    -5.000000000E-03
      735    -1.488888889E-01    -9.777777778E-02    -1.000000000E-02
      736    -1.766666667E-01    -7.000000000E-02    -1.000000000E-02
      737    -1.488888889E-01    -7.000000000E-02    -5.000000000E-03
      738    -1.488888889E-01    -1.533333333E-01    -1.000000000E-02
      739    -1.766666667E-01    -1.255555556E-01    -1.000000000E-02
      740    -1.488888889E-01    -1.255555556E-01    -5.000000000E-03
      741    -1.488888889E-01    -2.088888889E-01    -1.000000000E-02
      742    -1.766666667E-01    -1.811111111E-01    -1.000000000E-02
      743    -1.488888889E-01    -1.811111111E-01    -5.000000000E-03
      744    -1.488888889E-01    -2.644444444E-01    -1.000000000E-02
      745    -1.766666667E-01    -2.366666667E-01    -1.000000000E-02
      746    -1.488888889E-01    -2.366666667E-01    -5.000000000E-03
      747    -1.488888889E-01    -3.200000000E-01    -1.000000000E-02
      748    -1.766666667E-01    -2.922222222E-01    -1.000000000E-02
      749    -1.488888889E-01    -2.922222222E-01    -5.000000000E-03
      750    -1.488888889E-01    -3.755555556E-01    -1.000000000E-02
      751    -1.766666667E-01    -3.477777778E-01    -1.000000000E-02
      752    -1.488888889E-01    -3.477777778E-01    -5.000000000E-03
      753    -1.488888889E-01    -4.311111111E-01    -1.000000000E-02
      754    -1.766666667E-01    -4.033333333E-01    -1.000000000E-02
      755    -1.488888889E-01    -4.033333333E-01    -5.000000000E-03
      756    -1.488888889E-01    -4.866666667E-01    -1.000000000E-02
      757    -1.766666667E-01    -4.588888889E-01    -1.000000000E-02
      758    -1.488888889E-01    -4.588888889E-01    -5.000000000E-03
      759    -1.766666667E-01    -5.144444444E-01    -1.000000000E-02
      760    -1.488888889E-01    -5.144444444E-01    -5.000000000E-03
      761    -1.488888889E-01    -5.422222222E-01    -1.000000000E-02
      762    -2.044444444E-01     3.466666667E-01    -1.000000000E-02
      763    -2.044444444E-01     3.744444444E-01    -5.000000000E-03
      764    -2.044444444E-01     4.022222222E-01    -1.000000000E-02
      765    -2.322222222E-01     3.744444444E-01    -1.000000000E-02
      766    -2.044444444E-01     2.911111111E-01    -1.000000000E-02
      767    -2.044444444E-01     3.188888889E-01    -5.000000000E-03
      768    -2.322222222E-01     3.188888889E-01    -1.000000000E-02
      769    -2.044444444E-01     2.355555556E-01    -1.000000000E-02
      770    -2.044444444E-01     2.633333333E-01    -5.000000000E-03
      771    -2.322222222E-01     2.633333333E-01    -1.000000000E-02
      772    -2.044444444E-01     1.800000000E-01    -1.000000000E-02
      773    -2.044444444E-01     2.077777778E-01    -5.000000000E-03
      774    -2.322222222E-01     2.077777778E-01    -1.000000000E-02
      775    -2.044444444E-01     1.244444444E-01    -1.000000000E-02
      776    -2.044444444E-01     1.522222222E-01    -5.000000000E-03
      777    -2.322222222E-01     1.522222222E-01    -1.000000000E-02
      778    -2.044444444E-01     6.888888889E-02    -1.000000000E-02
      779    -2.044444444E-01     9.666666667E-02    -5.000000000E-03
      780    -2.322222222E-01     9.666666667E-02    -1.000000000E-02
      781    -2.044444444E-01     1.333333333E-02    -1.000000000E-02
      782    -2.044444444E-01     4.111111111E-02    -5.000000000E-03
      783    -2.322222222E-01     4.111111111E-02    -1.000000000E-02
      784    -2.044444444E-01    -4.222222222E-02    -1.000000000E-02
      785    -2.044444444E-01    -1.444444444E-02    -5.000000000E-03
      786    -2.322222222E-01    -1.444444444E-02    -1.000000000E-02
      787    -2.044444444E-01    -9.777777778E-02    -1.000000000E-02
      788    -2.044444444E-01    -7.000000000E-02    -5.000000000E-03
      789    -2.322222222E-01    -7.000000000E-02    -1.000000000E-02
      790    -2.044444444E-01    -1.533333333E-01    -1.000000000E-02
      791    -2.044444444E-01    -1.255555556E-01    -5.000000000E-03
      792    -2.322222222E-01    -1.255555556E-01    -1.000000000E-02
      793    -2.044444444E-01    -2.088888889E-01    -1.000000000E-02
      794    -2.044444444E-01    -1.811111111E-01    -5.000000000E-03
      795    -2.322222222E-01    -1.811111111E-01    -1.000000000E-02
      796    -2.044444444E-01    -2.644444444E-01    -1.000000000E-02
      797    -2.044444444E-01    -2.366666667E-01    -5.000000000E-03
      798    -2.322222222E-01    -2.366666667E-01    -1.000000000E-02
      799    -2.044444444E-01    -3.200000000E-01    -1.000000000E-02
      800    -2.044444444E-01    -2.922222222E-01    -5.000000000E-03
      801    -2.322222222E-01    -2.922222222E-01    -1.000000000E-02
      802    -2.044444444E-01    -3.755555556E-01    -1.000000000E-02
      803    -2.044444444E-01    -3.477777778E-01    -5.000000000E-03
      804    -2.322222222E-01    -3.477777778E-01    -1.000000000E-02
      805    -2.044444444E-01    -4.311111111E-01    -1.000000000E-02
      806    -2.044444444E-01    -4.033333333E-01    -5.000000000E-03
      807    -2.322222222E-01    -4.033333333E-01    -1.000000000E-02
      808    -2.044444444E-01    -4.866666667E-01    -1.000000000E-02
      809    -2.044444444E-01    -4.588888889E-01    -5.000000000E-03
      810    -2.322222222E-01    -4.588888889E-01    -1.000000000E-02
      811    -2.044444444E-01    -5.144444444E-01    -5.000000000E-03
      812    -2.322222222E-01    -5.144444444E-01    -1.000000000E-02
      813    -2.044444444E-01    -5.422222222E-01    -1.000000000E-02
      814    -2.044444444E-01    -4.866666667E-01     0.000000000E+00
      815    -1.766666667E-01    -5.144444444E-01     0.000000000E+00
      816    -2.044444444E-01    -5.422222222E-01     0.000000000E+00
      817    -2.322222222E-01    -5.144444444E-01     0.000000000E+00
      818    -2.044444444E-01    -4.311111111E-01     0.000000000E+00
      819    -1.766666667E-01    -4.588888889E-01     0.000000000E+00
      820    -2.322222222E-01    -4.588888889E-01     0.000000000E+00
      821    -2.044444444E-01    -3.755555556E-01     0.000000000E+00
      822    -1.766666667E-01    -4.033333333E-01     0.000000000E+00
      823    -2.322222222E-01    -4.033333333E-01     0.000000000E+00
      824    -2.044444444E-01    -3.200000000E-01     0.000000000E+00
      825    -1.766666667E-01    -3.477777778E-01     0.000000000E+00
      826    -2.322222222E-01    -3.477777778E-01     0.000000000E+00
      827    -2.044444444E-01    -2.644444444E-01     0.000000000E+00
      828    -1.766666667E-01    -2.922222222E-01     0.000000000E+00
      829    -2.322222222E-01    -2.922222222E-01     0.000000000E+00
      830    -2.044444444E-01    -2.088888889E-01     0.000000000E+00
      831    -1.766666667E-01    -2.366666667E-01     0.000000000E+00
      832    -2.322222222E-01    -2.366666667E-01     0.000000000E+00
      833    -2.044444444E-01    -1.533333333E-01     0.000000000E+00
      834    -1.766666667E-01    -1.811111111E-01     0.000000000E+00
      835    -2.322222222E-01    -1.811111111E-01     0.000000000E+00
      836    -2.044444444E-01    -9.777777778E-02     0.000000000E+00
      837    -1.766666667E-01    -1.255555556E-01     0.000000000E+00
      838    -2.322222222E-01    -1.255555556E-01     0.000000000E+00
      839    -2.044444444E-01    -4.222222222E-02     0.000000000E+00
      840    -1.766666667E-01    -7.000000000E-02     0.000000000E+00
      841    -2.322222222E-01    -7.000000000E-02     0.000000000E+00
      842    -2.044444444E-01     1.333333333E-02     0.000000000E+00
      843    -1.766666667E-01    -1.444444444E-02     0.000000000E+00
      844    -2.322222222E-01    -1.444444444E-02     0.000000000E+00
      845    -2.044444444E-01     6.888888889E-02     0.000000000E+00
      846    -1.766666667E-01     4.111111111E-02     0.000000000E+00
      847    -2.322222222E-01     4.111111111E-02     0.000000000E+00
      848    -2.044444444E-01     1.244444444E-01     0.000000000E+00
      849    -1.766666667E-01     9.666666667E-02     0.000000000E+00
      850    -2.322222222E-01     9.666666667E-02     0.000000000E+00
      851    -2.044444444E-01     1.800000000E-01     0.000000000E+00
      852    -1.766666667E-01     1.522222222E-01     0.000000000E+00
      853    -2.322222222E-01     1.522222222E-01     0.000000000E+00
      854    -2.044444444E-01     2.355555556E-01     0.000000000E+00
      855    -1.766666667E-01     2.077777778E-01     0.000000000E+00
      856    -2.322222222E-01     2.077777778E-01     0.000000000E+00
      857    -2.044444444E-01     2.911111111E-01     0.000000000E+00
      858    -1.766666667E-01     2.633333333E-01     0.000000000E+00
      859    -2.322222222E-01     2.633333333E-01     0.000000000E+00
      860    -2.044444444E-01     3.466666667E-01     0.000000000E+00
      861    -1.766666667E-01     3.188888889E-01     0.000000000E+00
      862    -2.322222222E-01     3.188888889E-01     0.000000000E+00
      863    -1.766666667E-01     3.744444444E-01     0.000000000E+00
      864    -2.322222222E-01     3.744444444E-01     0.000000000E+00
      865    -2.044444444E-01     4.022222222E-01     0.000000000E+00
      866    -1.488888889E-01    -4.866666667E-01     0.000000000E+00
      867    -1.211111111E-01    -5.144444444E-01     0.000000000E+00
      868    -1.488888889E-01    -5.422222222E-01     0.000000000E+00
      869    -1.488888889E-01    -4.311111111E-01     0.000000000E+00
      870    -1.211111111E-01    -4.588888889E-01     0.000000000E+00
      871    -1.488888889E-01    -3.755555556E-01     0.000000000E+00
      872    -1.211111111E-01    -4.033333333E-01     0.000000000E+00
      873    -1.488888889E-01    -3.200000000E-01     0.000000000E+00
      874    -1.211111111E-01    -3.477777778E-01     0.000000000E+00
      875    -1.488888889E-01    -2.644444444E-01     0.000000000E+00
      876    -1.211111111E-01    -2.922222222E-01     0.000000000E+00
      877    -1.488888889E-01    -2.088888889E-01     0.000000000E+00
      878    -1.211111111E-01    -2.366666667E-01     0.000000000E+00
      879    -1.488888889E-01    -1.533333333E-01     0.000000000E+00
      880    -1.211111111E-01    -1.811111111E-01     0.000000000E+00
      881    -1.488888889E-01    -9.777777778E-02     0.000000000E+00
      882    -1.211111111E-01    -1.255555556E-01     0.000000000E+00
      883    -1.488888889E-01    -4.222222222E-02     0.000000000E+00
      884    -1.211111111E-01    -7.000000000E-02     0.000000000E+00
      885    -1.488888889E-01     1.333333333E-02     0.000000000E+00
      886    -1.211111111E-01    -1.444444444E-02     0.000000000E+00
      887    -1.488888889E-01     6.888888889E-02     0.000000000E+00
      888    -1.211111111E-01     4.111111111E-02     0.000000000E+00
      889    -1.488888889E-01     1.244444444E-01     0.000000000E+00
      890    -1.211111111E-01     9.666666667E-02     0.000000000E+00
      891    -1.488888889E-01     1.800000000E-01     0.000000000E+00
      892    -1.211111111E-01     1.522222222E-01     0.000000000E+00
      893    -1.488888889E-01     2.355555556E-01     0.000000000E+00
      894    -1.211111111E-01     2.077777778E-01     0.000000000E+00
      895    -1.488888889E-01     2.911111111E-01     0.000000000E+00
      896    -1.211111111E-01     2.633333333E-01     0.000000000E+00
      897    -1.488888889E-01     3.466666667E-01     0.000000000E+00
      898    -1.211111111E-01     3.188888889E-01     0.000000000E+00
      899    -1.211111111E-01     3.744444444E-01     0.000000000E+00
      900    -1.488888889E-01     4.022222222E-01     0.000000000E+00
      901    -9.333333333E-02    -4.866666667E-01     0.000000000E+00
      902    -6.555555556E-02    -5.144444444E-01     0.000000000E+00
      903    -9.333333333E-02    -5.422222222E-01     0.000000000E+00
      904    -9.333333333E-02    -4.311111111E-01     0.000000000E+00
      905    -6.555555556E-02    -4.588888889E-01     0.000000000E+00
      906    -9.333333333E-02    -3.755555556E-01     0.000000000E+00
      907    -6.555555556E-02    -4.033333333E-01     0.000000000E+00
      908    -9.333333333E-02    -3.200000000E-01     0.000000000E+00
      909    -6.555555556E-02    -3.477777778E-01     0.000000000E+00
      910    -9.333333333E-02    -2.644444444E-01     0.000000000E+00
      911    -6.555555556E-02    -2.922222222E-01     0.000000000E+00
      912    -9.333333333E-02    -2.088888889E-01     0.000000000E+00
      913    -6.555555556E-02    -2.366666667E-01     0.000000000E+00
      914    -9.333333333E-02    -1.533333333E-01     0.000000000E+00
      915    -6.555555556E-02    -1.811111111E-01     0.000000000E+00
      916    -9.333333333E-02    -9.777777778E-02     0.000000000E+00
      917    -6.555555556E-02    -1.255555556E-01     0.000000000E+00
      918    -9.333333333E-02    -4.222222222E-02     0.000000000E+00
      919    -6.555555556E-02    -7.000000000E-02     0.000000000E+00
      920    -9.333333333E-02     1.333333333E-02     0.000000000E+00
      921    -6.555555556E-02    -1.444444444E-02     0.000000000E+00
      922    -9.333333333E-02     6.888888889E-02     0.000000000E+00
      923    -6.555555556E-02     4.111111111E-02     0.000000000E+00
      924    -9.333333333E-02     1.244444444E-01     0.000000000E+00
      925    -6.555555556E-02     9.666666667E-02     0.000000000E+00
      926    -9.333333333E-02     1.800000000E-01     0.000000000E+00
      927    -6.555555556E-02     1.522222222E-01     0.000000000E+00
      928    -9.333333333E-02     2.355555556E-01     0.000000000E+00
      929    -6.555555556E-02     2.077777778E-01     0.000000000E+00
      930    -9.333333333E-02     2.911111111E-01     0.000000000E+00
      931    -6.555555556E-02     2.633333333E-01     0.000000000E+00
      932    -9.333333333E-02     3.466666667E-01     0.000000000E+00
      933    -6.555555556E-02     3.188888889E-01     0.000000000E+00
      934    -6.555555556E-02     3.744444444E-01     0.000000000E+00
      935    -9.333333333E-02     4.022222222E-01     0.000000000E+00
      936    -3.777777778E-02    -4.866666667E-01     0.000000000E+00
      937    -1.000000000E-02    -5.144444444E-01     0.000000000E+00
      938    -3.777777778E-02    -5.422222222E-01     0.000000000E+00
      939    -3.777777778E-02    -4.311111111E-01     0.000000000E+00
      940    -1.000000000E-02    -4.588888889E-01     0.000000000E+00
      941    -3.777777778E-02    -3.755555556E-01     0.000000000E+00
      942    -1.000000000E-02    -4.033333333E-01     0.000000000E+00
      943    -3.777777778E-02    -3.200000000E-01     0.000000000E+00
      944    -1.000000000E-02    -3.477777778E-01     0.000000000E+00
      945    -3.777777778E-02    -2.644444444E-01     0.000000000E+00
      946    -1.000000000E-02    -2.922222222E-01     0.000000000E+00
      947    -3.777777778E-02    -2.088888889E-01     0.000000000E+00
      948    -1.000000000E-02    -2.366666667E-01     0.000000000E+00
      949    -3.777777778E-02    -1.533333333E-01     0.000000000E+00
      950    -1.000000000E-02    -1.811111111E-01     0.000000000E+00
      951    -3.777777778E-02    -9.777777778E-02     0.000000000E+00
      952    -1.000000000E-02    -1.255555556E-01     0.000000000E+00
      953    -3.777777778E-02    -4.222222222E-02     0.000000000E+00
      954    -1.000000000E-02    -7.000000000E-02     0.000000000E+00
      955    -3.777777778E-02     1.333333333E-02     0.000000000E+00
      956    -1.000000000E-02    -1.444444444E-02     0.000000000E+00
      957    -3.777777778E-02     6.888888889E-02     0.000000000E+00
      958    -1.000000000E-02     4.111111111E-02     0.000000000E+00
      959    -3.777777778E-02     1.244444444E-01     0.000000000E+00
      960    -1.000000000E-02     9.666666667E-02     0.000000000E+00
      961    -3.777777778E-02     1.800000000E-01     0.000000000E+00
      962    -1.000000000E-02     1.522222222E-01     0.000000000E+00
      963    -3.777777778E-02     2.355555556E-01     0.000000000E+00
      964    -1.000000000E-02     2.077777778E-01     0.000000000E+00
      965    -3.777777778E-02     2.911111111E-01     0.000000000E+00
      966    -1.000000000E-02     2.633333333E-01     0.000000000E+00
      967    -3.777777778E-02     3.466666667E-01     0.000000000E+00
      968    -1.000000000E-02     3.188888889E-01     0.000000000E+00
      969    -1.000000000E-02     3.744444444E-01     0.000000000E+00
      970    -3.777777778E-02     4.022222222E-01     0.000000000E+00
      971     1.777777778E-02    -4.866666667E-01     0.000000000E+00
      972     4.555555556E-02    -5.144444444E-01     0.000000000E+00
      973     1.777777778E-02    -5.422222222E-01     0.000000000E+00
      974     1.777777778E-02    -4.311111111E-01     0.000000000E+00
      975     4.555555556E-02    -4.588888889E-01     0.000000000E+00
      976     1.777777778E-02    -3.755555556E-01     0.000000000E+00
      977     4.555555556E-02    -4.033333333E-01     0.000000000E+00
      978     1.777777778E-02    -3.200000000E-01     0.000000000E+00
      979     4.555555556E-02    -3.477777778E-01     0.000000000E+00
      980     1.777777778E-02    -2.644444444E-01     0.000000000E+00
      981     4.555555556E-02    -2.922222222E-01     0.000000000E+00
      982     1.777777778E-02    -2.088888889E-01     0.000000000E+00
      983     4.555555556E-02    -2.366666667E-01     0.000000000E+00
      984     1.777777778E-02    -1.533333333E-01     0.000000000E+00
      985     4.555555556E-02    -1.811111111E-01     0.000000000E+00
      986     1.777777778E-02    -9.777777778E-02     0.000000000E+00
      987     4.555555556E-02    -1.255555556E-01     0.000000000E+00
      988     1.777777778E-02    -4.222222222E-02     0.000000000E+00
      989     4.555555556E-02    -7.000000000E-02     0.000000000E+00
      990     1.777777778E-02     1.333333333E-02     0.000000000E+00
      991     4.555555556E-02    -1.444444444E-02     0.000000000E+00
      992     1.777777778E-02     6.888888889E-02     0.000000000E+00
      993     4.555555556E-02     4.111111111E-02     0.000000000E+00
      994     1.777777778E-02     1.244444444E-01     0.000000000E+00
      995     4.555555556E-02     9.666666667E-02     0.000000000E+00
      996     1.777777778E-02     1.800000000E-01     0.000000000E+00
      997     4.555555556E-02     1.522222222E-01     0.000000000E+00
      998     1.777777778E-02     2.355555556E-01     0.000000000E+00
      999     4.555555556E-02     2.077777778E-01     0.000000000E+00
     1000     1.777777778E-02     2.911111111E-01     0.000000000E+00
     1001     4.555555556E-02     2.633333333E-01     0.000000000E+00
     1002     1.777777778E-02     3.466666667E-01     0.000000000E+00
     1003     4.555555556E-02     3.188888889E-01     0.000000000E+00
     1004     4.555555556E-02     3.744444444E-01     0.000000000E+00
     1005     1.777777778E-02     4.022222222E-01     0.000000000E+00
     1006     7.333333333E-02    -4.866666667E-01     0.000000000E+00
     1007     1.011111111E-01    -5.144444444E-01     0.000000000E+00
     1008     7.333333333E-02    -5.422222222E-01     0.000000000E+00
     1009     7.333333333E-02    -4.311111111E-01     0.000000000E+00
     1010     1.011111111E-01    -4.588888889E-01     0.000000000E+00
     1011     7.333333333E-02    -3.755555556E-01     0.000000000E+00
     1012     1.011111111E-01    -4.033333333E-01     0.000000000E+00
     1013     7.333333333E-02    -3.200000000E-01     0.000000000E+00
     1014     1.011111111E-01    -3.477777778E-01     0.000000000E+00
     1015     7.333333333E-02    -2.644444444E-01     0.000000000E+00
     1016     1.011111111E-01    -2.922222222E-01     0.000000000E+00
     1017     7.333333333E-02    -2.088888889E-01     0.000000000E+00
     1018     1.011111111E-01    -2.366666667E-01     0.000000000E+00
     1019     7.333333333E-02    -1.533333333E-01     0.000000000E+00
     1020     1.011111111E-01    -1.811111111E-01     0.000000000E+00
     1021     7.333333333E-02    -9.777777778E-02     0.000000000E+00
     1022     1.011111111E-01    -1.255555556E-01     0.000000000E+00
     1023     7.333333333E-02    -4.222222222E-02     0.000000000E+00
     1024     1.011111111E-01    -7.000000000E-02     0.000000000E+00
     1025     7.333333333E-02     1.333333333E-02     0.000000000E+00
     1026     1.011111111E-01    -1.444444444E-02     0.000000000E+00
     1027     7.333333333E-02     6.888888889E-02     0.000000000E+00
     1028     1.011111111E-01     4.111111111E-02     0.000000000E+00
     1029     7.333333333E-02     1.244444444E-01     0.000000000E+00
     1030     1.011111111E-01     9.666666667E-02     0.000000000E+00
     1031     7.333333333E-02     1.800000000E-01     0.000000000E+00
     1032     1.011111111E-01     1.522222222E-01     0.000000000E+00
     1033     7.333333333E-02     2.355555556E-01     0.000000000E+00
     1034     1.011111111E-01     2.077777778E-01     0.000000000E+00
     1035     7.333333333E-02     2.911111111E-01     0.000000000E+00
     1036     1.011111111E-01     2.633333333E-01     0.000000000E+00
     1037     7.333333333E-02     3.466666667E-01     0.000000000E+00
     1038     1.011111111E-01     3.188888889E-01     0.000000000E+00
     1039     1.011111111E-01     3.744444444E-01     0.000000000E+00
     1040     7.333333333E-02     4.022222222E-01     0.000000000E+00
     1041     1.288888889E-01    -4.866666667E-01     0.000000000E+00
     1042     1.566666667E-01    -5.144444444E-01     0.000000000E+00
     1043     1.288888889E-01    -5.422222222E-01     0.000000000E+00
     1044     1.288888889E-01    -4.311111111E-01     0.000000000E+00
     1045     1.566666667E-01    -4.588888889E-01     0.000000000E+00
     1046     1.288888889E-01    -3.755555556E-01     0.000000000E+00
     1047     1.566666667E-01    -4.033333333E-01     0.000000000E+00
     1048     1.288888889E-01    -3.200000000E-01     0.000000000E+00
     1049     1.566666667E-01    -3.477777778E-01     0.000000000E+00
     1050     1.288888889E-01    -2.644444444E-01     0.000000000E+00
     1051     1.566666667E-01    -2.922222222E-01     0.000000000E+00
     1052     1.288888889E-01    -2.088888889E-01     0.000000000E+00
     1053     1.566666667E-01    -2.366666667E-01     0.000000000E+00
     1054     1.288888889E-01    -1.533333333E-01     0.000000000E+00
     1055     1.566666667E-01    -1.811111111E-01     0.000000000E+00
     1056     1.288888889E-01    -9.777777778E-02     0.000000000E+00
     1057     1.566666667E-01    -1.255555556E-01     0.000000000E+00
     1058     1.288888889E-01    -4.222222222E-02     0.000000000E+00
     1059     1.566666667E-01    -7.000000000E-02     0.000000000E+00
     1060     1.288888889E-01     1.333333333E-02     0.000000000E+00
     1061     1.566666667E-01    -1.444444444E-02     0.000000000E+00
     1062     1.288888889E-01     6.888888889E-02     0.000000000E+00
     1063     1.566666667E-01     4.111111111E-02     0.000000000E+00
     1064     1.288888889E-01     1.244444444E-01     0.000000000E+00
     1065     1.566666667E-01     9.666666667E-02     0.000000000E+00
     1066     1.288888889E-01     1.800000000E-01     0.000000000E+00
     1067     1.566666667E-01     1.522222222E-01     0.000000000E+00
     1068     1.288888889E-01     2.355555556E-01     0.000000000E+00
     1069     1.566666667E-01     2.077777778E-01     0.000000000E+00
     1070     1.288888889E-01     2.911111111E-01     0.000000000E+00
     1071     1.566666667E-01     2.633333333E-01     0.000000000E+00
     1072     1.288888889E-01     3.466666667E-01     0.000000000E+00
     1073     1.566666667E-01     3.188888889E-01     0.000000000E+00
     1074     1.566666667E-01     3.744444444E-01     0.000000000E+00
     1075     1.288888889E-01     4.022222222E-01     0.000000000E+00
     1076     1.844444444E-01    -4.866666667E-01     0.000000000E+00
     1077     2.122222222E-01    -5.144444444E-01     0.000000000E+00
     1078     1.844444444E-01    -5.422222222E-01     0.000000000E+00
     1079     1.844444444E-01    -4.311111111E-01     0.000000000E+00
     1080     2.122222222E-01    -4.588888889E-01     0.000000000E+00
     1081     1.844444444E-01    -3.755555556E-01     0.000000000E+00
     1082     2.122222222E-01    -4.033333333E-01     0.000000000E+00
     1083     1.844444444E-01    -3.200000000E-01     0.000000000E+00
     1084     2.122222222E-01    -3.477777778E-01     0.000000000E+00
     1085     1.844444444E-01    -2.644444444E-01     0.000000000E+00
     1086     2.122222222E-01    -2.922222222E-01     0.000000000E+00
     1087     1.844444444E-01    -2.088888889E-01     0.000000000E+00
     1088     2.122222222E-01    -2.366666667E-01     0.000000000E+00
     1089     1.844444444E-01    -1.533333333E-01     0.000000000E+00
     1090     2.122222222E-01    -1.811111111E-01     0.000000000E+00
     1091     1.844444444E-01    -9.777777778E-02     0.000000000E+00
     1092     2.122222222E-01    -1.255555556E-01     0.000000000E+00
     1093     1.844444444E-01    -4.222222222E-02     0.000000000E+00
     1094     2.122222222E-01    -7.000000000E-02     0.000000000E+00
     1095     1.844444444E-01     1.333333333E-02     0.000000000E+00
     1096     2.122222222E-01    -1.444444444E-02     0.000000000E+00
     1097     1.844444444E-01     6.888888889E-02     0.000000000E+00
     1098     2.122222222E-01     4.111111111E-02     0.000000000E+00
     1099     1.844444444E-01     1.244444444E-01     0.000000000E+00
     1100     2.122222222E-01     9.666666667E-02     0.000000000E+00
     1101     1.844444444E-01     1.800000000E-01     0.000000000E+00
     1102     2.122222222E-01     1.522222222E-01     0.000000000E+00
     1103     1.844444444E-01     2.355555556E-01     0.000000000E+00
     1104     2.122222222E-01     2.077777778E-01     0.000000000E+00
     1105     1.844444444E-01     2.911111111E-01     0.000000000E+00
     1106     2.122222222E-01     2.633333333E-01     0.000000000E+00
     1107     1.844444444E-01     3.466666667E-01     0.000000000E+00
     1108     2.122222222E-01     3.188888889E-01     0.000000000E+00
     1109     2.122222222E-01     3.744444444E-01     0.000000000E+00
     1110     1.844444444E-01     4.022222222E-01     0.000000000E+00
     1111     2.400000000E-01     3.466666667E-01     0.000000000E+00
     1112     2.400000000E-01     4.022222222E-01     0.000000000E+00
     1113     2.400000000E-01     3.744444444E-01    -5.000000000E-03
     1114     2.400000000E-01     2.911111111E-01     0.000000000E+00
     1115     2.400000000E-01     3.188888889E-01    -5.000000000E-03
     1116     2.400000000E-01     2.355555556E-01     0.000000000E+00
     1117     2.400000000E-01     2.633333333E-01    -5.000000000E-03
     1118     2.400000000E-01     1.800000000E-01     0.000000000E+00
     1119     2.400000000E-01     2.077777778E-01    -5.000000000E-03
     1120     2.400000000E-01     1.244444444E-01     0.000000000E+00
     1121     2.400000000E-01     1.522222222E-01    -5.000000000E-03
     1122     2.400000000E-01     6.888888889E-02     0.000000000E+00
     1123     2.400000000E-01     9.666666667E-02    -5.000000000E-03
     1124     2.400000000E-01     1.333333333E-02     0.000000000E+00
     1125     2.400000000E-01     4.111111111E-02    -5.000000000E-03
     1126     2.400000000E-01    -4.222222222E-02     0.000000000E+00
     1127     2.400000000E-01    -1.444444444E-02    -5.000000000E-03
     1128     2.400000000E-01    -9.777777778E-02     0.000000000E+00
     1129     2.400000000E-01    -7.000000000E-02    -5.000000000E-03
     1130     2.400000000E-01    -1.533333333E-01     0.000000000E+00
     1131     2.400000000E-01    -1.255555556E-01    -5.000000000E-03
     1132     2.400000000E-01    -2.088888889E-01     0.000000000E+00
     1133     2.400000000E-01    -1.811111111E-01    -5.000000000E-03
     1134     2.400000000E-01    -2.644444444E-01     0.000000000E+00
     1135     2.400000000E-01    -2.366666667E-01    -5.000000000E-03
     1136     2.400000000E-01    -3.200000000E-01     0.000000000E+00
     1137     2.400000000E-01    -2.922222222E-01    -5.000000000E-03
     1138     2.400000000E-01    -3.755555556E-01     0.000000000E+00
     1139     2.400000000E-01    -3.477777778E-01    -5.000000000E-03
     1140     2.400000000E-01    -4.311111111E-01     0.000000000E+00
     1141     2.400000000E-01    -4.033333333E-01    -5.000000000E-03
     1142     2.400000000E-01    -4.866666667E-01     0.000000000E+00
     1143     2.400000000E-01    -4.588888889E-01    -5.000000000E-03
     1144     2.400000000E-01    -5.422222222E-01     0.000000000E+00
     1145     2.400000000E-01    -5.144444444E-01    -5.000000000E-03
     1146     2.122222222E-01    -5.700000000E-01     0.000000000E+00
     1147     2.400000000E-01    -5.700000000E-01    -5.000000000E-03
     1148     1.566666667E-01    -5.700000000E-01     0.000000000E+00
     1149     1.844444444E-01    -5.700000000E-01    -5.000000000E-03
     1150     1.011111111E-01    -5.700000000E-01     0.000000000E+00
     1151     1.288888889E-01    -5.700000000E-01    -5.000000000E-03
     1152     4.555555556E-02    -5.700000000E-01     0.000000000E+00
     1153     7.333333333E-02    -5.700000000E-01    -5.000000000E-03
     1154    -1.000000000E-02    -5.700000000E-01     0.000000000E+00
     1155     1.777777778E-02    -5.700000000E-01    -5.000000000E-03
     1156    -6.555555556E-02    -5.700000000E-01     0.000000000E+00
     1157    -3.777777778E-02    -5.700000000E-01    -5.000000000E-03
     1158    -1.211111111E-01    -5.700000000E-01     0.000000000E+00
     1159    -9.333333333E-02    -5.700000000E-01    -5.000000000E-03
     1160    -1.766666667E-01    -5.700000000E-01     0.000000000E+00
     1161    -1.488888889E-01    -5.700000000E-01    -5.000000000E-03
     1162    -2.322222222E-01    -5.700000000E-01     0.000000000E+00
     1163    -2.044444444E-01    -5.700000000E-01    -5.000000000E-03
     1164    -2.600000000E-01    -5.422222222E-01     0.000000000E+00
     1165    -2.600000000E-01    -5.700000000E-01    -5.000000000E-03
     1166    -2.600000000E-01    -4.866666667E-01     0.000000000E+00
     1167    -2.600000000E-01    -5.144444444E-01    -5.000000000E-03
     1168    -2.600000000E-01    -4.311111111E-01     0.000000000E+00
     1169    -2.600000000E-01    -4.588888889E-01    -5.000000000E-03
     1170    -2.600000000E-01    -3.755555556E-01     0.000000000E+00
     1171    -2.600000000E-01    -4.033333333E-01    -5.000000000E-03
     1172    -2.600000000E-01    -3.200000000E-01     0.000000000E+00
     1173    -2.600000000E-01    -3.477777778E-01    -5.000000000E-03
     1174    -2.600000000E-01    -2.644444444E-01     0.000000000E+00
     1175    -2.600000000E-01    -2.922222222E-01    -5.000000000E-03
     1176    -2.600000000E-01    -2.088888889E-01     0.000000000E+00
     1177    -2.600000000E-01    -2.366666667E-01    -5.000000000E-03
     1178    -2.600000000E-01    -1.533333333E-01     0.000000000E+00
     1179    -2.600000000E-01    -1.811111111E-01    -5.000000000E-03
     1180    -2.600000000E-01    -9.777777778E-02     0.000000000E+00
     1181    -2.600000000E-01    -1.255555556E-01    -5.000000000E-03
     1182    -2.600000000E-01    -4.222222222E-02     0.000000000E+00
     1183    -2.600000000E-01    -7.000000000E-02    -5.000000000E-03
     1184    -2.600000000E-01     1.333333333E-02     0.000000000E+00
     1185    -2.600000000E-01    -1.444444444E-02    -5.000000000E-03
     1186    -2.600000000E-01     6.888888889E-02     0.000000000E+00
     1187    -2.600000000E-01     4.111111111E-02    -5.000000000E-03
     1188    -2.600000000E-01     1.244444444E-01     0.000000000E+00
     1189    -2.600000000E-01     9.666666667E-02    -5.000000000E-03
     1190    -2.600000000E-01     1.800000000E-01     0.000000000E+00
     1191    -2.600000000E-01     1.522222222E-01    -5.000000000E-03
     1192    -2.600000000E-01     2.355555556E-01     0.000000000E+00
     1193    -2.600000000E-01     2.077777778E-01    -5.000000000E-03
     1194    -2.600000000E-01     2.911111111E-01     0.000000000E+00
     1195    -2.600000000E-01     2.633333333E-01    -5.000000000E-03
     1196    -2.600000000E-01     3.466666667E-01     0.000000000E+00
     1197    -2.600000000E-01     3.188888889E-01    -5.000000000E-03
     1198    -2.600000000E-01     4.022222222E-01     0.000000000E+00
     1199    -2.600000000E-01     3.744444444E-01    -5.000000000E-03
     1200    -2.322222222E-01     4.300000000E-01     0.000000000E+00
     1201    -2.600000000E-01     4.300000000E-01    -5.000000000E-03
     1202    -1.766666667E-01     4.300000000E-01     0.000000000E+00
     1203    -2.044444444E-01     4.300000000E-01    -5.000000000E-03
     1204    -1.211111111E-01     4.300000000E-01     0.000000000E+00
     1205    -1.488888889E-01     4.300000000E-01    -5.000000000E-03
     1206    -6.555555556E-02     4.300000000E-01     0.000000000E+00
     1207    -9.333333333E-02     4.300000000E-01    -5.000000000E-03
     1208    -1.000000000E-02     4.300000000E-01     0.000000000E+00
     1209    -3.777777778E-02     4.300000000E-01    -5.000000000E-03
     1210     4.555555556E-02     4.300000000E-01     0.000000000E+00
     1211     1.777777778E-02     4.300000000E-01    -5.000000000E-03
     1212     1.011111111E-01     4.300000000E-01     0.000000000E+00
     1213     7.333333333E-02     4.300000000E-01    -5.000000000E-03
     1214     1.566666667E-01     4.300000000E-01     0.000000000E+00
     1215     1.288888889E-01     4.300000000E-01    -5.000000000E-03
     1216     2.122222222E-01     4.300000000E-01     0.000000000E+00
     1217     1.844444444E-01     4.300000000E-01    -5.000000000E-03
     1218     2.400000000E-01     4.300000000E-01    -5.000000000E-03
     1219     1.566666667E-01     4.300000000E-01    -1.000000000E-02
     1220     2.122222222E-01     4.300000000E-01    -1.000000000E-02
     1221     1.011111111E-01     4.300000000E-01    -1.000000000E-02
     1222     4.555555556E-02     4.300000000E-01    -1.000000000E-02
     1223    -1.000000000E-02     4.300000000E-01    -1.000000000E-02
     1224    -6.555555556E-02     4.300000000E-01    -1.000000000E-02
     1225    -1.211111111E-01     4.300000000E-01    -1.000000000E-02
     1226    -1.766666667E-01     4.300000000E-01    -1.000000000E-02
     1227    -2.322222222E-01     4.300000000E-01    -1.000000000E-02
     1228     2.400000000E-01     4.022222222E-01    -1.000000000E-02
     1229    -2.600000000E-01     4.022222222E-01    -1.000000000E-02
     1230    -2.600000000E-01     3.466666667E-01    -1.000000000E-02
     1231    -2.600000000E-01     2.911111111E-01    -1.000000000E-02
     1232    -2.600000000E-01     2.355555556E-01    -1.000000000E-02
     1233    -2.600000000E-01     1.800000000E-01    -1.000000000E-02
     1234    -2.600000000E-01     1.244444444E-01    -1.000000000E-02
     1235    -2.600000000E-01     6.888888889E-02    -1.000000000E-02
     1236    -2.600000000E-01     1.333333333E-02    -1.000000000E-02
     1237    -2.600000000E-01    -4.222222222E-02    -1.000000000E-02
     1238    -2.600000000E-01    -9.777777778E-02    -1.000000000E-02
     1239    -2.600000000E-01    -1.533333333E-01    -1.000000000E-02
     1240    -2.600000000E-01    -2.088888889E-01    -1.000000000E-02
     1241    -2.600000000E-01    -2.644444444E-01    -1.000000000E-02
     1242    -2.600000000E-01    -3.200000000E-01    -1.000000000E-02
     1243    -2.600000000E-01    -3.755555556E-01    -1.000000000E-02
     1244    -2.600000000E-01    -4.311111111E-01    -1.000000000E-02
     1245    -2.600000000E-01    -4.866666667E-01    -1.000000000E-02
     1246    -2.600000000E-01    -5.422222222E-01    -1.000000000E-02
     1247    -2.322222222E-01    -5.700000000E-01    -1.000000000E-02
     1248    -1.766666667E-01    -5.700000000E-01    -1.000000000E-02
     1249    -1.211111111E-01    -5.700000000E-01    -1.000000000E-02
     1250    -6.555555556E-02    -5.700000000E-01    -1.000000000E-02
     1251    -1.000000000E-02    -5.700000000E-01    -1.000000000E-02
     1252     4.555555556E-02    -5.700000000E-01    -1.000000000E-02
     1253     1.011111111E-01    -5.700000000E-01    -1.000000000E-02
     1254     1.566666667E-01    -5.700000000E-01    -1.000000000E-02
     1255     2.122222222E-01    -5.700000000E-01    -1.000000000E-02
     1256     2.400000000E-01    -5.422222222E-01    -1.000000000E-02
     1257     2.400000000E-01    -4.866666667E-01    -1.000000000E-02
     1258     2.400000000E-01    -4.311111111E-01    -1.000000000E-02
     1259     2.400000000E-01    -3.755555556E-01    -1.000000000E-02
     1260     2.400000000E-01    -3.200000000E-01    -1.000000000E-02
     1261     2.400000000E-01    -2.644444444E-01    -1.000000000E-02
     1262     2.400000000E-01    -2.088888889E-01    -1.000000000E-02
     1263     2.400000000E-01    -1.533333333E-01    -1.000000000E-02
     1264     2.400000000E-01    -9.777777778E-02    -1.000000000E-02
     1265     2.400000000E-01    -4.222222222E-02    -1.000000000E-02
     1266     2.400000000E-01     1.333333333E-02    -1.000000000E-02
     1267     2.400000000E-01     6.888888889E-02    -1.000000000E-02
     1268     2.400000000E-01     1.244444444E-01    -1.000000000E-02
     1269     2.400000000E-01     1.800000000E-01    -1.000000000E-02
     1270     2.400000000E-01     2.355555556E-01    -1.000000000E-02
     1271     2.400000000E-01     2.911111111E-01    -1.000000000E-02
     1272     2.400000000E-01     3.466666667E-01    -1.000000000E-02
-1
/wb,elem,start            !  set before creation of elements
/com,*********** Elements for Body 1 'SYS\Solid' ***********
et,1,186
keyo,1,2,1          ! set full integration on SOLID186
MAT,1 $ TYPE,1 $ REAL,1 $ SECNUM,1 $ ESYS,0
eblock,11,COMPACT,,162
(11i9)
        1      136      353      354      355      137      300      299      298      812     1246
     1247      813      817     1164     1162      816      811     1167     1165     1163
        2      119      136      355      356      154      137      298      297      759      813
     1248      761      815      816     1160      868      760      811     1163     1161
        3      102      119      356      357      171      154      297      296      707      761
     1249      709      867      868     1158      903      708      760     1161     1159
        4       85      102      357      358      188      171      296      295      655      709
     1250      657      902      903     1156      938      656      708     1159     1157
        5       68       85      358      359      205      188      295      294      603      657
     1251      605      937      938     1154      973      604      656     1157     1155
        6       51       68      359      360      222      205      294      293      551      605
     1252      553      972      973     1152     1008      552      604     1155     1153
        7       34       51      360      361      239      222      293      292      499      553
     1253      501     1007     1008     1150     1043      500      552     1153     1151
        8       17       34      361      362      256      239      292      291      446      501
     1254      448     1042     1043     1148     1078      447      500     1151     1149
        9       17      362      363      364      256      291      290      289      448     1255
     1256      449     1078     1146     1144     1077      447     1149     1147     1145
       10      135      352      353      136      138      301      300      137      810     1245
      812      808      820     1166      817      814      809     1169     1167      811
       11      118      135      136      119      155      138      137      154      757      808
      759      756      819      814      815      866      758      809      811      760
       12      101      118      119      102      172      155      154      171      705      756
      707      704      870      866      867      901      706      758      760      708
       13       84      101      102       85      189      172      171      188      653      704
      655      652      905      901      902      936      654      706      708      656
       14       67       84       85       68      206      189      188      205      601      652
      603      600      940      936      937      971      602      654      656      604
       15       50       67       68       51      223      206      205      222      549      600
      551      548      975      971      972     1006      550      602      604      552
       16       33       50       51       34      240      223      222      239      497      548
      499      496     1010     1006     1007     1041      498      550      552      500
       17       16       33       34       17      257      240      239      256      443      496
      446      442     1045     1041     1042     1076      444      498      500      447
       18       16       17      364      365      257      256      289      288      442      449
     1257      445     1076     1077     1142     1080      444      447     1145     1143
       19      134      351      352      135      139      302      301      138      807     1244
      810      805      823     1168      820      818      806     1171     1169      809
       20      117      134      135      118      156      139      138      155      754      805
      757      753      822      818      819      869      755      806      809      758
       21      100      117      118      101      173      156      155      172      702      753
      705      701      872      869      870      904      703      755      758      706
       22       83      100      101       84      190      173      172      189      650      701
      653      649      907      904      905      939      651      703      706      654
       23       66       83       84       67      207      190      189      206      598      649
      601      597      942      939      940      974      599      651      654      602
       24       49       66       67       50      224      207      206      223      546      597
      549      545      977      974      975     1009      547      599      602      550
       25       32       49       50       33      241      224      223      240      494      545
      497      493     1012     1009     1010     1044      495      547      550      498
       26       15       32       33       16      258      241      240      257      439      493
      443      438     1047     1044     1045     1079      440      495      498      444
       27       15       16      365      366      258      257      288      287      438      445
     1258      441     1079     1080     1140     1082      440      444     1143     1141
       28      133      350      351      134      140      303      302      139      804     1243
      807      802      826     1170      823      821      803     1173     1171      806
       29      116      133      134      117      157      140      139      156      751      802
      754      750      825      821      822      871      752      803      806      755
       30       99      116      117      100      174      157      156      173      699      750
      702      698      874      871      872      906      700      752      755      703
       31       82       99      100       83      191      174      173      190      647      698
      650      646      909      906      907      941      648      700      703      651
       32       65       82       83       66      208      191      190      207      595      646
      598      594      944      941      942      976      596      648      651      599
       33       48       65       66       49      225      208      207      224      543      594
      546      542      979      976      977     1011      544      596      599      547
       34       31       48       49       32      242      225      224      241      491      542
      494      490     1014     1011     1012     1046      492      544      547      495
       35       14       31       32       15      259      242      241      258      435      490
      439      434     1049     1046     1047     1081      436      492      495      440
       36       14       15      366      367      259      258      287      286      434      441
     1259      437     1081     1082     1138     1084      436      440     1141     1139
       37      132      349      350      133      141      304      303      140      801     1242
      804      799      829     1172      826      824      800     1175     1173      803
       38      115      132      133      116      158      141      140      157      748      799
      751      747      828      824      825      873      749      800      803      752
       39       98      115      116       99      175      158      157      174      696      747
      699      695      876      873      874      908      697      749      752      700
       40       81       98       99       82      192      175      174      191      644      695
      647      643      911      908      909      943      645      697      700      648
       41       64       81       82       65      209      192      191      208      592      643
      595      591      946      943      944      978      593      645      648      596
       42       47       64       65       48      226      209      208      225      540      591
      543      539      981      978      979     1013      541      593      596      544
       43       30       47       48       31      243      226      225      242      488      539
      491      487     1016     1013     1014     1048      489      541      544      492
       44       13       30       31       14      260      243      242      259      431      487
      435      430     1051     1048     1049     1083      432      489      492      436
       45       13       14      367      368      260      259      286      285      430      437
     1260      433     1083     1084     1136     1086      432      436     1139     1137
       46      131      348      349      132      142      305      304      141      798     1241
      801      796      832     1174      829      827      797     1177     1175      800
       47      114      131      132      115      159      142      141      158      745      796
      748      744      831      827      828      875      746      797      800      749
       48       97      114      115       98      176      159      158      175      693      744
      696      692      878      875      876      910      694      746      749      697
       49       80       97       98       81      193      176      175      192      641      692
      644      640      913      910      911      945      642      694      697      645
       50       63       80       81       64      210      193      192      209      589      640
      592      588      948      945      946      980      590      642      645      593
       51       46       63       64       47      227      210      209      226      537      588
      540      536      983      980      981     1015      538      590      593      541
       52       29       46       47       30      244      227      226      243      485      536
      488      484     1018     1015     1016     1050      486      538      541      489
       53       12       29       30       13      261      244      243      260      427      484
      431      426     1053     1050     1051     1085      428      486      489      432
       54       12       13      368      369      261      260      285      284      426      433
     1261      429     1085     1086     1134     1088      428      432     1137     1135
       55      130      347      348      131      143      306      305      142      795     1240
      798      793      835     1176      832      830      794     1179     1177      797
       56      113      130      131      114      160      143      142      159      742      793
      745      741      834      830      831      877      743      794      797      746
       57       96      113      114       97      177      160      159      176      690      741
      693      689      880      877      878      912      691      743      746      694
       58       79       96       97       80      194      177      176      193      638      689
      641      637      915      912      913      947      639      691      694      642
       59       62       79       80       63      211      194      193      210      586      637
      589      585      950      947      948      982      587      639      642      590
       60       45       62       63       46      228      211      210      227      534      585
      537      533      985      982      983     1017      535      587      590      538
       61       28       45       46       29      245      228      227      244      482      533
      485      481     1020     1017     1018     1052      483      535      538      486
       62       11       28       29       12      262      245      244      261      423      481
      427      422     1055     1052     1053     1087      424      483      486      428
       63       11       12      369      370      262      261      284      283      422      429
     1262      425     1087     1088     1132     1090      424      428     1135     1133
       64      129      346      347      130      144      307      306      143      792     1239
      795      790      838     1178      835      833      791     1181     1179      794
       65      112      129      130      113      161      144      143      160      739      790
      742      738      837      833      834      879      740      791      794      743
       66       95      112      113       96      178      161      160      177      687      738
      690      686      882      879      880      914      688      740      743      691
       67       78       95       96       79      195      178      177      194      635      686
      638      634      917      914      915      949      636      688      691      639
       68       61       78       79       62      212      195      194      211      583      634
      586      582      952      949      950      984      584      636      639      587
       69       44       61       62       45      229      212      211      228      531      582
      534      530      987      984      985     1019      532      584      587      535
       70       27       44       45       28      246      229      228      245      479      530
      482      478     1022     1019     1020     1054      480      532      535      483
       71       10       27       28       11      263      246      245      262      419      478
      423      418     1057     1054     1055     1089      420      480      483      424
       72       10       11      370      371      263      262      283      282      418      425
     1263      421     1089     1090     1130     1092      420      424     1133     1131
       73      128      345      346      129      145      308      307      144      789     1238
      792      787      841     1180      838      836      788     1183     1181      791
       74      111      128      129      112      162      145      144      161      736      787
      739      735      840      836      837      881      737      788      791      740
       75       94      111      112       95      179      162      161      178      684      735
      687      683      884      881      882      916      685      737      740      688
       76       77       94       95       78      196      179      178      195      632      683
      635      631      919      916      917      951      633      685      688      636
       77       60       77       78       61      213      196      195      212      580      631
      583      579      954      951      952      986      581      633      636      584
       78       43       60       61       44      230      213      212      229      528      579
      531      527      989      986      987     1021      529      581      584      532
       79       26       43       44       27      247      230      229      246      476      527
      479      475     1024     1021     1022     1056      477      529      532      480
       80        9       26       27       10      264      247      246      263      415      475
      419      414     1059     1056     1057     1091      416      477      480      420
       81        9       10      371      372      264      263      282      281      414      421
     1264      417     1091     1092     1128     1094      416      420     1131     1129
       82      127      344      345      128      146      309      308      145      786     1237
      789      784      844     1182      841      839      785     1185     1183      788
       83      110      127      128      111      163      146      145      162      733      784
      736      732      843      839      840      883      734      785      788      737
       84       93      110      111       94      180      163      162      179      681      732
      684      680      886      883      884      918      682      734      737      685
       85       76       93       94       77      197      180      179      196      629      680
      632      628      921      918      919      953      630      682      685      633
       86       59       76       77       60      214      197      196      213      577      628
      580      576      956      953      954      988      578      630      633      581
       87       42       59       60       43      231      214      213      230      525      576
      528      524      991      988      989     1023      526      578      581      529
       88       25       42       43       26      248      231      230      247      473      524
      476      472     1026     1023     1024     1058      474      526      529      477
       89        8       25       26        9      265      248      247      264      411      472
      415      410     1061     1058     1059     1093      412      474      477      416
       90        8        9      372      373      265      264      281      280      410      417
     1265      413     1093     1094     1126     1096      412      416     1129     1127
       91      126      343      344      127      147      310      309      146      783     1236
      786      781      847     1184      844      842      782     1187     1185      785
       92      109      126      127      110      164      147      146      163      730      781
      733      729      846      842      843      885      731      782      785      734
       93       92      109      110       93      181      164      163      180      678      729
      681      677      888      885      886      920      679      731      734      682
       94       75       92       93       76      198      181      180      197      626      677
      629      625      923      920      921      955      627      679      682      630
       95       58       75       76       59      215      198      197      214      574      625
      577      573      958      955      956      990      575      627      630      578
       96       41       58       59       42      232      215      214      231      522      573
      525      521      993      990      991     1025      523      575      578      526
       97       24       41       42       25      249      232      231      248      470      521
      473      469     1028     1025     1026     1060      471      523      526      474
       98        7       24       25        8      266      249      248      265      407      469
      411      406     1063     1060     1061     1095      408      471      474      412
       99        7        8      373      374      266      265      280      279      406      413
     1266      409     1095     1096     1124     1098      408      412     1127     1125
      100      125      342      343      126      148      311      310      147      780     1235
      783      778      850     1186      847      845      779     1189     1187      782
      101      108      125      126      109      165      148      147      164      727      778
      730      726      849      845      846      887      728      779      782      731
      102       91      108      109       92      182      165      164      181      675      726
      678      674      890      887      888      922      676      728      731      679
      103       74       91       92       75      199      182      181      198      623      674
      626      622      925      922      923      957      624      676      679      627
      104       57       74       75       58      216      199      198      215      571      622
      574      570      960      957      958      992      572      624      627      575
      105       40       57       58       41      233      216      215      232      519      570
      522      518      995      992      993     1027      520      572      575      523
      106       23       40       41       24      250      233      232      249      467      518
      470      466     1030     1027     1028     1062      468      520      523      471
      107        6       23       24        7      267      250      249      266      403      466
      407      402     1065     1062     1063     1097      404      468      471      408
      108        6        7      374      375      267      266      279      278      402      409
     1267      405     1097     1098     1122     1100      404      408     1125     1123
      109      124      341      342      125      149      312      311      148      777     1234
      780      775      853     1188      850      848      776     1191     1189      779
      110      107      124      125      108      166      149      148      165      724      775
      727      723      852      848      849      889      725      776      779      728
      111       90      107      108       91      183      166      165      182      672      723
      675      671      892      889      890      924      673      725      728      676
      112       73       90       91       74      200      183      182      199      620      671
      623      619      927      924      925      959      621      673      676      624
      113       56       73       74       57      217      200      199      216      568      619
      571      567      962      959      960      994      569      621      624      572
      114       39       56       57       40      234      217      216      233      516      567
      519      515      997      994      995     1029      517      569      572      520
      115       22       39       40       23      251      234      233      250      464      515
      467      463     1032     1029     1030     1064      465      517      520      468
      116        5       22       23        6      268      251      250      267      399      463
      403      398     1067     1064     1065     1099      400      465      468      404
      117        5        6      375      376      268      267      278      277      398      405
     1268      401     1099     1100     1120     1102      400      404     1123     1121
      118      123      340      341      124      150      313      312      149      774     1233
      777      772      856     1190      853      851      773     1193     1191      776
      119      106      123      124      107      167      150      149      166      721      772
      724      720      855      851      852      891      722      773      776      725
      120       89      106      107       90      184      167      166      183      669      720
      672      668      894      891      892      926      670      722      725      673
      121       72       89       90       73      201      184      183      200      617      668
      620      616      929      926      927      961      618      670      673      621
      122       55       72       73       56      218      201      200      217      565      616
      568      564      964      961      962      996      566      618      621      569
      123       38       55       56       39      235      218      217      234      513      564
      516      512      999      996      997     1031      514      566      569      517
      124       21       38       39       22      252      235      234      251      461      512
      464      460     1034     1031     1032     1066      462      514      517      465
      125        4       21       22        5      269      252      251      268      395      460
      399      394     1069     1066     1067     1101      396      462      465      400
      126        4        5      376      377      269      268      277      276      394      401
     1269      397     1101     1102     1118     1104      396      400     1121     1119
      127      122      339      340      123      151      314      313      150      771     1232
      774      769      859     1192      856      854      770     1195     1193      773
      128      105      122      123      106      168      151      150      167      718      769
      721      717      858      854      855      893      719      770      773      722
      129       88      105      106       89      185      168      167      184      666      717
      669      665      896      893      894      928      667      719      722      670
      130       71       88       89       72      202      185      184      201      614      665
      617      613      931      928      929      963      615      667      670      618
      131       54       71       72       55      219      202      201      218      562      613
      565      561      966      963      964      998      563      615      618      566
      132       37       54       55       38      236      219      218      235      510      561
      513      509     1001      998      999     1033      511      563      566      514
      133       20       37       38       21      253      236      235      252      458      509
      461      457     1036     1033     1034     1068      459      511      514      462
      134        3       20       21        4      270      253      252      269      391      457
      395      390     1071     1068     1069     1103      392      459      462      396
      135        3        4      377      378      270      269      276      275      390      397
     1270      393     1103     1104     1116     1106      392      396     1119     1117
      136      121      338      339      122      152      315      314      151      768     1231
      771      766      862     1194      859      857      767     1197     1195      770
      137      104      121      122      105      169      152      151      168      715      766
      718      714      861      857      858      895      716      767      770      719
      138       87      104      105       88      186      169      168      185      663      714
      666      662      898      895      896      930      664      716      719      667
      139       70       87       88       71      203      186      185      202      611      662
      614      610      933      930      931      965      612      664      667      615
      140       53       70       71       54      220      203      202      219      559      610
      562      558      968      965      966     1000      560      612      615      563
      141       36       53       54       37      237      220      219      236      507      558
      510      506     1003     1000     1001     1035      508      560      563      511
      142       19       36       37       20      254      237      236      253      455      506
      458      454     1038     1035     1036     1070      456      508      511      459
      143        2       19       20        3      271      254      253      270      387      454
      391      386     1073     1070     1071     1105      388      456      459      392
      144        2        3      378      379      271      270      275      274      386      393
     1271      389     1105     1106     1114     1108      388      392     1117     1115
      145      120      337      338      121      153      316      315      152      765     1230
      768      762      864     1196      862      860      763     1199     1197      767
      146      103      120      121      104      170      153      152      169      711      762
      715      710      863      860      861      897      712      763      767      716
      147       86      103      104       87      187      170      169      186      659      710
      663      658      899      897      898      932      660      712      716      664
      148       69       86       87       70      204      187      186      203      607      658
      611      606      934      932      933      967      608      660      664      612
      149       52       69       70       53      221      204      203      220      555      606
      559      554      969      967      968     1002      556      608      612      560
      150       35       52       53       36      238      221      220      237      503      554
      507      502     1004     1002     1003     1037      504      556      560      508
      151       18       35       36       19      255      238      237      254      451      502
      455      450     1039     1037     1038     1072      452      504      508      456
      152        1       18       19        2      272      255      254      271      382      450
      387      381     1074     1072     1073     1107      383      452      456      388
      153        1        2      379      380      272      271      274      273      381      389
     1272      385     1107     1108     1111     1109      383      388     1115     1113
      154      120      334      336      337      153      318      317      316      764     1227
     1229      765      865     1200     1198      864      763     1203     1201     1199
      155      103      333      334      120      170      319      318      153      713     1226
      764      711      900     1202      865      863      712     1205     1203      763
      156       86      332      333      103      187      320      319      170      661     1225
      713      659      935     1204      900      899      660     1207     1205      712
      157       69      331      332       86      204      321      320      187      609     1224
      661      607      970     1206      935      934      608     1209     1207      660
      158       52      330      331       69      221      322      321      204      557     1223
      609      555     1005     1208      970      969      556     1211     1209      608
      159       35      329      330       52      238      323      322      221      505     1222
      557      503     1040     1210     1005     1004      504     1213     1211      556
      160       18      328      329       35      255      324      323      238      453     1221
      505      451     1075     1212     1040     1039      452     1215     1213      504
      161        1      327      328       18      272      325      324      255      384     1219
      453      382     1110     1214     1075     1074      383     1217     1215      452
      162        1      380      335      327      272      273      326      325      385     1228
     1220      384     1109     1112     1216     1110      383     1113     1218     1217
-1
secnum,1    ! reset the section ID to default
! Material Id = {AC7DDB90-E635-4EF8-A168-A10D13E9E1A4}
/wb,elem,end               !  done creating elements
toffst,273.15,      ! Temperature offset from absolute zero
/com,*********** Set Reference Temperature ***********
tref,22.
/wb,mat,start              !  starting to send materials
/com,*********** Send Materials ***********
Temperature = 'TEMP' ! Temperature
MP,DENS,1,2770,	! kg m^-3
MP,C,1,875,	! J kg^-1 C^-1
MP,KXX,1,148.62,	! W m^-1 C^-1
MPTEMP,,,,,,,,
MPTEMP,1,0
MPTEMP,2,20
MPTEMP,3,100
MPDATA,RSVX,1, ,2.43e-08,2.67e-08,3.63e-08,	! kg m^3 A^-2 s^-3
MPTEMP,,,,,,,,
MP,EX,1,71000000000,	! Pa
MP,NUXY,1,0.33,
MP,MURX,1,1,
MP,UVID,1,83568492-2d56-46e4-86bb-d3018ed7de76
MP,UMID,1,35d48138-be0c-4a97-839b-6fba81b9f834

/wb,mat,end                !  done sending materials
!************************* Model Summary ********************
!SYS\Solid,	Aluminum Alloy,	matid,	1
!************************* End Model Summary ********************
! get the diagonal of the bounding box. Needed later for other things
*get,_xmin,node,,mnloc,x
*get,_ymin,node,,mnloc,y
*get,_zmin,node,,mnloc,z
*get,_xmax,node,,mxloc,x
*get,_ymax,node,,mxloc,y
*get,_zmax,node,,mxloc,z
_ASMDIAG=(_xmax-_xmin)*(_xmax-_xmin)+(_ymax-_ymin)*(_ymax-_ymin)+(_zmax-_zmin)*(_zmax-_zmin)
_ASMDIAG=SQRT(_ASMDIAG)
/wb,contact,start          !  starting to send contact
/wb,contact,end            !  done creating contacts
/golist
/wb,load,start             !  starting to send loads
/com,*********** Fixed Supports ***********
CMBLOCK,_FIXEDSU,NODE,       27
(8i10)
       273      -290       326       335       363      -380      1111      1112
      1114      1116      1118      1120      1122      1124      1126      1128
      1130      1132      1134      1136      1138      1140      1142      1144
      1228      1256     -1272
cmsel,s,_FIXEDSU
d,all,all
nsel,all
/com,*********** Define Pressure Using Surface Effect Elements "Pressure" ***********
et,2,154
MAT,2 $ TYPE,2 $ REAL,2 $ SECNUM,2 $ ESYS,0
eblock,11,COMPACT,,162
(11i9)
      541      298      137      300      299      816      817     1164     1162
      542      297      154      137      298      868      815      816     1160
      543      296      171      154      297      903      867      868     1158
      544      295      188      171      296      938      902      903     1156
      545      294      205      188      295      973      937      938     1154
      546      293      222      205      294     1008      972      973     1152
      547      292      239      222      293     1043     1007     1008     1150
      548      291      256      239      292     1078     1042     1043     1148
      549      290      289      256      291     1144     1077     1078     1146
      550      137      138      301      300      814      820     1166      817
      551      154      155      138      137      866      819      814      815
      552      171      172      155      154      901      870      866      867
      553      188      189      172      171      936      905      901      902
      554      205      206      189      188      971      940      936      937
      555      222      223      206      205     1006      975      971      972
      556      239      240      223      222     1041     1010     1006     1007
      557      256      257      240      239     1076     1045     1041     1042
      558      289      288      257      256     1142     1080     1076     1077
      559      138      139      302      301      818      823     1168      820
      560      155      156      139      138      869      822      818      819
      561      172      173      156      155      904      872      869      870
      562      189      190      173      172      939      907      904      905
      563      206      207      190      189      974      942      939      940
      564      223      224      207      206     1009      977      974      975
      565      240      241      224      223     1044     1012     1009     1010
      566      257      258      241      240     1079     1047     1044     1045
      567      288      287      258      257     1140     1082     1079     1080
      568      139      140      303      302      821      826     1170      823
      569      156      157      140      139      871      825      821      822
      570      173      174      157      156      906      874      871      872
      571      190      191      174      173      941      909      906      907
      572      207      208      191      190      976      944      941      942
      573      224      225      208      207     1011      979      976      977
      574      241      242      225      224     1046     1014     1011     1012
      575      258      259      242      241     1081     1049     1046     1047
      576      287      286      259      258     1138     1084     1081     1082
      577      140      141      304      303      824      829     1172      826
      578      157      158      141      140      873      828      824      825
      579      174      175      158      157      908      876      873      874
      580      191      192      175      174      943      911      908      909
      581      208      209      192      191      978      946      943      944
      582      225      226      209      208     1013      981      978      979
      583      242      243      226      225     1048     1016     1013     1014
      584      259      260      243      242     1083     1051     1048     1049
      585      286      285      260      259     1136     1086     1083     1084
      586      141      142      305      304      827      832     1174      829
      587      158      159      142      141      875      831      827      828
      588      175      176      159      158      910      878      875      876
      589      192      193      176      175      945      913      910      911
      590      209      210      193      192      980      948      945      946
      591      226      227      210      209     1015      983      980      981
      592      243      244      227      226     1050     1018     1015     1016
      593      260      261      244      243     1085     1053     1050     1051
      594      285      284      261      260     1134     1088     1085     1086
      595      142      143      306      305      830      835     1176      832
      596      159      160      143      142      877      834      830      831
      597      176      177      160      159      912      880      877      878
      598      193      194      177      176      947      915      912      913
      599      210      211      194      193      982      950      947      948
      600      227      228      211      210     1017      985      982      983
      601      244      245      228      227     1052     1020     1017     1018
      602      261      262      245      244     1087     1055     1052     1053
      603      284      283      262      261     1132     1090     1087     1088
      604      143      144      307      306      833      838     1178      835
      605      160      161      144      143      879      837      833      834
      606      177      178      161      160      914      882      879      880
      607      194      195      178      177      949      917      914      915
      608      211      212      195      194      984      952      949      950
      609      228      229      212      211     1019      987      984      985
      610      245      246      229      228     1054     1022     1019     1020
      611      262      263      246      245     1089     1057     1054     1055
      612      283      282      263      262     1130     1092     1089     1090
      613      144      145      308      307      836      841     1180      838
      614      161      162      145      144      881      840      836      837
      615      178      179      162      161      916      884      881      882
      616      195      196      179      178      951      919      916      917
      617      212      213      196      195      986      954      951      952
      618      229      230      213      212     1021      989      986      987
      619      246      247      230      229     1056     1024     1021     1022
      620      263      264      247      246     1091     1059     1056     1057
      621      282      281      264      263     1128     1094     1091     1092
      622      145      146      309      308      839      844     1182      841
      623      162      163      146      145      883      843      839      840
      624      179      180      163      162      918      886      883      884
      625      196      197      180      179      953      921      918      919
      626      213      214      197      196      988      956      953      954
      627      230      231      214      213     1023      991      988      989
      628      247      248      231      230     1058     1026     1023     1024
      629      264      265      248      247     1093     1061     1058     1059
      630      281      280      265      264     1126     1096     1093     1094
      631      146      147      310      309      842      847     1184      844
      632      163      164      147      146      885      846      842      843
      633      180      181      164      163      920      888      885      886
      634      197      198      181      180      955      923      920      921
      635      214      215      198      197      990      958      955      956
      636      231      232      215      214     1025      993      990      991
      637      248      249      232      231     1060     1028     1025     1026
      638      265      266      249      248     1095     1063     1060     1061
      639      280      279      266      265     1124     1098     1095     1096
      640      147      148      311      310      845      850     1186      847
      641      164      165      148      147      887      849      845      846
      642      181      182      165      164      922      890      887      888
      643      198      199      182      181      957      925      922      923
      644      215      216      199      198      992      960      957      958
      645      232      233      216      215     1027      995      992      993
      646      249      250      233      232     1062     1030     1027     1028
      647      266      267      250      249     1097     1065     1062     1063
      648      279      278      267      266     1122     1100     1097     1098
      649      148      149      312      311      848      853     1188      850
      650      165      166      149      148      889      852      848      849
      651      182      183      166      165      924      892      889      890
      652      199      200      183      182      959      927      924      925
      653      216      217      200      199      994      962      959      960
      654      233      234      217      216     1029      997      994      995
      655      250      251      234      233     1064     1032     1029     1030
      656      267      268      251      250     1099     1067     1064     1065
      657      278      277      268      267     1120     1102     1099     1100
      658      149      150      313      312      851      856     1190      853
      659      166      167      150      149      891      855      851      852
      660      183      184      167      166      926      894      891      892
      661      200      201      184      183      961      929      926      927
      662      217      218      201      200      996      964      961      962
      663      234      235      218      217     1031      999      996      997
      664      251      252      235      234     1066     1034     1031     1032
      665      268      269      252      251     1101     1069     1066     1067
      666      277      276      269      268     1118     1104     1101     1102
      667      150      151      314      313      854      859     1192      856
      668      167      168      151      150      893      858      854      855
      669      184      185      168      167      928      896      893      894
      670      201      202      185      184      963      931      928      929
      671      218      219      202      201      998      966      963      964
      672      235      236      219      218     1033     1001      998      999
      673      252      253      236      235     1068     1036     1033     1034
      674      269      270      253      252     1103     1071     1068     1069
      675      276      275      270      269     1116     1106     1103     1104
      676      151      152      315      314      857      862     1194      859
      677      168      169      152      151      895      861      857      858
      678      185      186      169      168      930      898      895      896
      679      202      203      186      185      965      933      930      931
      680      219      220      203      202     1000      968      965      966
      681      236      237      220      219     1035     1003     1000     1001
      682      253      254      237      236     1070     1038     1035     1036
      683      270      271      254      253     1105     1073     1070     1071
      684      275      274      271      270     1114     1108     1105     1106
      685      152      153      316      315      860      864     1196      862
      686      169      170      153      152      897      863      860      861
      687      186      187      170      169      932      899      897      898
      688      203      204      187      186      967      934      932      933
      689      220      221      204      203     1002      969      967      968
      690      237      238      221      220     1037     1004     1002     1003
      691      254      255      238      237     1072     1039     1037     1038
      692      271      272      255      254     1107     1074     1072     1073
      693      274      273      272      271     1111     1109     1107     1108
      694      153      318      317      316      865     1200     1198      864
      695      170      319      318      153      900     1202      865      863
      696      187      320      319      170      935     1204      900      899
      697      204      321      320      187      970     1206      935      934
      698      221      322      321      204     1005     1208      970      969
      699      238      323      322      221     1040     1210     1005     1004
      700      255      324      323      238     1075     1212     1040     1039
      701      272      325      324      255     1110     1214     1075     1074
      702      273      326      325      272     1112     1216     1110     1109
-1
secnum,1    ! reset the section ID to default
esel,s,type,,2
keyop,2,7,0         ! Use deformed area for application of load
esel,all
esel,all
/gst,on,on
fini
*get,_numnode,node,0,count
*get,_numelem,elem,0,count
*get, _MAXELEMNUM, elem, 0, NUM, MAX
*get, _MAXNODENUM, node, 0, NUM, MAX
*get, _MAXELEMTYPE, etyp, 0, NUM, MAX
*get, _MAXREALCONST, rcon, 0, NUM, MAX
/go
/wb,load,end               !  done creating loads
/com,--- Number of total nodes = %_numnode%
/com,--- Number of contact elements = 162
/com,--- Number of spring elements = 0
/com,--- Number of bearing elements = 0
/com,--- Number of solid elements = 162
/com,--- Number of condensed parts = 0
/com,--- Number of total elements = %_numelem%
*get,_wallbsol,active,,time,wall
/com,****************************************************************************
/com,*************************    SOLUTION       ********************************
/com,****************************************************************************
/solu
antype,0                   ! static analysis
_thickRatio=  0     ! Ratio of thick parts in the model
eqsl,sparse,,,,,1
cntr,print,1               ! print out contact info and also make no initial contact an error
cncheck,dmp		!	Enable program controlled contact splitting for distributed memory parallel run
dmpoption,emat,no             ! Don't combine emat file for DANSYS
dmpoption,esav,no             ! Don't combine esav file for DANSYS
nldiag,cont,iter           ! print out contact info each equilibrium iteration
rescontrol,,none                 ! Do not keep any restart files
/com,****************************************************
/com,******************* SOLVE FOR LS 1 OF 1 ****************
esel,s,type,,2
nsle
sf,all,pres,1000.
nsel,all
esel,all
esel,all
/nopr
/gopr
nsub,1,1,1
time,1.
outres,erase
outres,all,none
outres,nsol,all,
outres,rsol,all
outres,eangl,all
outres,etmp,all
outres,veng,all
outres,strs,all,
outres,epel,all,
outres,eppl,all,
outres,cont,all,
! *********** WB SOLVE COMMAND ***********
! check interactive state
*get,ANSINTER_,active,,int
*if,ANSINTER_,ne,0,then
/eof
*endif
solve
/com *************** Write FE CONNECTORS ********* 
CEWRITE,file,ce,,INTE
/com,****************************************************
/com,*************** FINISHED SOLVE FOR LS 1 *************
*get,_wallasol,active,,time,wall
/nopr
*get,_numnode,node,0,count
*get,_numelem,elem,0,count
*get, _MAXELEMNUM, elem, 0, NUM, MAX
*get, _MAXNODENUM, node, 0, NUM, MAX,,,INTERNAL
*get, _MAXELEMTYPE, etyp, 0, NUM, MAX
*get, _MAXREALCONST, rcon, 0, NUM, MAX
*get,_NSOLTHREADS,active,0,ntfs
*get,_NSOLPROCESSES,active,0,npfs
/gopr
/post1
xmlo,ENCODING,ISO-8859-1
xmlo,parm
/xml,parm,xml
fini
/gopr
*get,_walldone,active,,time,wall
_preptime=(_wallbsol-_wallstrt)*3600
_solvtime=(_wallasol-_wallbsol)*3600
_posttime=(_walldone-_wallasol)*3600
_totaltim=(_walldone-_wallstrt)*3600
*get,_dlbratio,active,0,solu,dlbr
*get,_combtime,active,0,solu,comb
*get,_ssmode,active,0,solu,ssmm
*get,_ndofs,active,0,solu,ndof
*get,_sol_end_time,active,0,set,time
*if,_sol_end_time,eq,1.000000,then
/fclean				!clean distributed files
*endif
/com,--- Total number of nodes = %_numnode%
/com,--- Total number of elements = %_numelem%
/com,--- Element load balance ratio = %_dlbratio%
/com,--- Time to combine distributed files = %_combtime%
/com,--- Sparse memory mode = %_ssmode%
/com,--- Number of DOF = %_ndofs%
/wb,file,end               ! done with WB generated input
